Id,name,title,male,culture,mother,father,house,age
1,Walder Frey,Lord of the Crossing,1,Rivermen,,,House Frey,97
2,Addison Hill,Ser,1,,,,House Swyft,
3,Aemma Arryn,Queen,0,,,,House Arryn,23
4,Sylva Santagar,Greenstone,0,Dornish,,,House Santagar,29
5,Valarr Targaryen,Hand of the King,1,Valyrian,,,House Targaryen,26
6,Wilbert,Ser,1,,,,,
7,Wilbert Osgrey,Ser,1,,,,House Osgrey,
8,Will,,1,,,,Night's Watch,
9,Will (orphan),,0,,,,,
10,Will (squire),,1,,,,,
11,Will (Standfast),,0,,,,House Osgrey,
12,Will (Treb),,1,,,,House Osgrey,
13,Will Humble,,1,Ironborn,,,House Humble,
14,Willam,,1,,,,,
15,Willem Wylde,Ser,1,,,,House Wylde,
16,Willifer,Archmaester,0,,,,,
17,Willit,,1,,,,House Swyft,
18,Willis Wode,Ser,1,,,,House Wode,
19,Willis Fell,Ser,0,,,,House Fell,
20,Willow Heddle,,0,,,,Brotherhood Without Banners,16
21,Willum,Ser,1,,,,,
22,Wolmer,,1,,,,House Webber,
23,Willow Witch-eye,,0,Free Folk,,,,
24,Woth,,1,,,,,
25,Wulfe,,1,Ironborn,,,House Greyjoy,
26,Wyl the Whittler,,0,,,,,
27,Wyl (guard),,0,Northmen,,,House Stark,
28,Wyl Waynwood,,0,,,,House Waynwood,
29,Wun Weg Wun Dar Wun,,1,,,,,
30,Wylla,,1,,,,House Dayne,
31,Wynafryd Manderly,,0,,,,House Manderly,25
32,Xhondo,,1,Summer Isles,,,,
33,Ygon Farwynd,,1,,,,House Farwynd of the Lonely Light,
34,Yna,,1,,,,Happy Port,
35,Yohn Farwynd,,1,Ironborn,,,House Farwynd of the Lonely Light,
36,Yorkel,,0,,,,House Targaryen,
37,Yorko Terys,,1,Braavosi,,,,
38,Yormwell,Maester,0,,,,,
39,Young Henly,,1,,,,Night's Watch,59
40,Ysilla,,0,,,,,
41,Zarabelo,Archmaester,0,,,,,
42,Zei,,0,,,,,
43,Zekko,Khal,1,Dothraki,,,,
44,Zharaq zo Loraq,,1,Ghiscari,,,House of Loraq,
45,Wenda,,0,,,,Kingswood Brotherhood,
46,Wex Pyke,,1,Ironborn,,,House Botley,19
47,Timett,red hand,1,Vale mountain clans,,,Burned Men,27
48,Laenor Velaryon,Ser,1,Valyrian,,,House Velaryon,26
49,Leobald Tallhart,Castellan,1,Northmen,,,House Tallhart,
50,Margaery Tyrell,Seven Kingdoms,0,Reach,,,House Tyrell,22
51,Naerys Targaryen,PrincessQueen,0,Valyrian,,,House Targaryen,100
52,Quence,,0,Braavosi,,,,
53,Quellon Botley,,1,Ironborn,,,House Botley,
54,Quellon Greyjoy,Lord of the Iron Islands,1,Ironborn,,,House Greyjoy,
55,Quentyn Blackwood,Lord,0,,,,House Blackwood,
56,Quenton Greyjoy,,1,Ironborn,,,House Greyjoy,
57,Quhuru Mo,,1,Summer Isles,,,,
58,Quickfinger,,1,,,,House Blackfyre,
59,Quill,,1,Braavosi,,,,
60,Quentin Tyrell,Ser,0,,,,House Tyrell,
61,Quort,,1,,,,wildling,14
62,Qyle,,1,,,,,
63,Rafe,,0,,,,,
64,Racallio Ryndoon,,1,Tyroshi,,,Kingdom of the Three Daughters,
65,Ragnor Pyke,,0,Ironborn,,,House Greyjoy,
66,Rainbow Knight,,0,,,,,
67,Randa,,0,,,,,
68,Rast,,1,,,,Night's Watch,
69,Rawney,Brother,1,,,,,
70,Raymar Royce,Lord,1,,,,House Royce of the Gates of the Moon,
71,Raymond Nayland,Ser,0,,,,House Nayland,
72,Raymund Tyrell,,0,,,,House Tyrell,
73,Red Oarsman,,0,Ironborn,,,,
74,Red Lamb,Ser,1,Lhazarene,,,House Targaryen,
75,Redtusk,Ser,1,,,,,
76,Red Rolfe,,1,,,,House Greyjoy,
77,Redwyn,,0,,,,Night's Watch,
78,Reynard Webber,Lord of Coldmoat,0,,,,House Webber,
79,Reysen,,1,,,,,
80,Rhaegel Targaryen,Prince of Dragonstone,1,Valyrian,,,House Targaryen,42
81,Rhaena Targaryen (daughter of Daemon),Lady,0,,,,House Targaryen,100
82,Rhaena Targaryen (daughter of Aegon III),PrincessSepta,0,Valyrian,,,House Targaryen,100
83,Rhaenys Targaryen,Queen,0,Valyrian,,,House Targaryen,35
84,Rhaenys Targaryen (daughter of Rhaegar),Princess,0,,,,House Targaryen,3
85,Rhialta Vance,,0,,,,House Vance of Wayfarer's Rest,
86,Rhaenys Targaryen (daughter of Aemon),Princess,0,Valyrian,,,House Targaryen,55
87,Rhonda Rowan,,0,,,,House Rowan,
88,Richard Farrow,Ser,0,,,,House Farrow,
89,Richard Lonmouth,Ser,1,,,,House Lonmouth,
90,Rigney,Archmaester,1,,,,,
91,Rob,,1,,,,House Osgrey,
92,Rickard Tyrell,,1,,,,House Tyrell,
93,Robb Reyne,Ser,1,,,,House Reyne,
94,Robert Ashford,Ser,1,Reach,,,House Ashford,
95,Robert Brax (son of Flement),,1,,,,House Brax,15
96,Robert Paege,Ser,0,,,,House Paege,
97,Robin,,1,,,,,
98,Robert Frey (son of Raymund),,1,,,,House Frey,22
99,Robin Greyjoy,,1,Ironborn,,,House Greyjoy,
100,Robin Hollard,,1,,,,House Hollard,
101,Rodrik Freeborn,,1,Ironborn,,,,
102,Roelle,Septa,0,,,,House Tarth,
103,Rodrik Stark (son of Beron),,1,Northmen,,,House Stark,
104,Roger of Pennytree,,1,,,,,
105,Roggo,,0,Braavosi,,,,
106,Roger Ryswell,,1,Northmen,,,House Ryswell,
107,Rolder,,1,,,,House Lannister,
108,Roland Crakehall (Kingsguard),Ser,1,,,,House Crakehall,
109,Rolfe,,1,,,,,
110,Rolland Darklyn,Ser,1,,,,House Darklyn,
111,Rollam Westerling,,1,,,,House Westerling,15
112,Romny Weaver,,1,Ironborn,,,House Weaver,
113,Ronald Storm,,1,,,,House Connington,
114,Ronnel Stout,,0,Northmen,,,House Stout,
115,Ronnel Harclay,,0,,,,House Harclay,
116,Roone,,1,,,,,19
117,Roone (maester),Maester,1,,,,,
118,Roryn Drumm,,0,Ironborn,,,House Drumm,
119,Roose Ryswell,,1,Northmen,,,House Ryswell,
120,Rosamund Lannister,,0,,,,House Lannister of Lannisport,
121,Rosey,,0,,,,,21
122,Rowan,,1,Free folk,,,,
123,Rudge,,0,,,,Night's Watch,
124,Runciter,Grand Maester,1,,,,,
125,Rupert Crabb,Ser,0,,,,House Crabb,
126,Rus,,0,Ironmen,,,Drowned men,
127,Rusty Flowers,,1,,,,Night's Watch,
128,Ryam,Archmaester,1,,,,,
129,Ryk,,1,Free folk,,,,
130,Ryles,,0,,,,Night's Watch,
131,Rymolf,,0,Ironborn,,,House Greyjoy,
132,S'vrone,,0,Braavosi,,,,
133,Saathos,,0,,,,,
134,Sailor's Wife,,0,,,,Happy Port,
135,Sallor,,1,Qartheen,,,Stormcrows,
136,Salloreon,,1,,,,Antler Men,
137,Sam Stoops,,1,,,,House Osgrey,
138,Samwell Spicer,Ser,1,,,,House Spicer,
139,Sargon Botley,,1,Ironborn,,,House Botley,
140,Scarb,,0,,,,,
141,Sawwood,,1,,,,Night's Watch,
142,Sedgekins,,0,,,,,
143,Sefton Staunton,Septon,1,,,,House Staunton,
144,Serra,,0,Lysene,,,,
145,Sharna,,0,,,,,
146,Shella,,0,,,,,
147,Sherrit,King,0,,,,,
148,Shortear,,0,westermen,,,House Lannister,
149,Shyra,,0,Northmen,,,House Stark,
150,Sigfry Stonetree,,1,Ironborn,,,House Stonetree,
151,Sigrin,,1,Ironborn,,,House Greyjoy,
152,Simon Leygood,Ser,0,,,,House Leygood,
153,Sky Blue Su,,0,,,,,
154,Skinner,,1,,,,House Bolton,
155,Skittrick,,0,Northmen,,,House Stark,
156,Skyte,,1,Ironborn,,,,
157,Sloey,,0,Braavosi,,,,
158,Spare Boot,,1,,,,Night's Watch,
159,Softfoot,,1,,,,Night's Watch,
160,Spotted Pate of Maidenpool,,1,,,,Night's Watch,
161,Squint,,0,,,,House Greyjoy,
162,Squirrel,,0,Free Folk,,,,
163,Steffarion Sparr,,1,Ironborn,,,House Sparr,
164,Stafford Lannister,Ser,1,Westerman,,,House Lannister,53
165,Steffon Fossoway,Ser,1,,,,House Fossoway of Cider Hall,
166,Steffon Hollard,Ser,0,,,,House Hollard,
167,Steffon Varner,Lord,1,,,,House Varner,
168,Stone Thumbs,,0,Free Folk,,,,
169,Stonehand,,0,Ironborn,,,,
170,Sybassion,,1,Qarth,,,,
171,Sylas,,0,,,,House Greyjoy,
172,Symon Stripeback,,1,,,,House Targaryen,
173,Symond Botley,,1,Ironborn,,,House Botley,
174,Tagganaro,,1,Braavosi,,,,
175,Tal Toraq,,1,Summer Isles,,,House Targaryen,
176,Talea,,0,Braavosi,,,,
177,Talla Tarly,,1,,,,House Tarly,
178,Tansy,,0,,,,Peach,
179,Tansy (orphan),,0,,,,,
180,Tarber,,1,,,,,
181,Terrance Lynderly,,0,,,,House Lynderly,
182,Terro,,1,Braavosi,,,,
183,Theo Frey,Ser,1,,,,House Frey,
184,Theobald,Seneschal,1,,,,,
185,Thistle,,0,Free Folk,,,,
186,Theon Stark,,1,Northmen,,,,
187,Thormor Ironmaker,,1,Ironborn,,,House Ironmaker,
188,Tim Stone,,0,,,,Night's Watch,
189,Timon,Ser,0,,,,,
190,Timett (father),,0,Vale mountain clans,,,Burned Men,
191,Timoth,,1,,,,House Martell,
192,Tobbot,,0,,,,House Clegane,
193,Toefinger,,1,Free Folk,,,,
194,Todric,,1,,,,,
195,Tom Costayne,Ser,0,,,,House Costayne,
196,TomToo,,0,Northmen,,,House Stark,
197,Tommard Heddle,Ser,1,,,,House Heddle,
198,Toregg,,1,Free Folk,,,,
199,Torrek,,0,Vale mountain clans,,,Stone Crows,
200,Tothmure,Maester,1,,,,,
201,Torrhen Stark,,1,Northmen,,,,
202,Tregar,,0,,,,House Lannister,
203,Tregar Ormollen,,1,Lyseni,,,,
204,Tristan Ryger,,0,,,,House Ryger,
205,Tristifer V Mudd,,1,,,Tristifer IV Mudd,,
206,Tristimun,Ser,1,,,,Sea watch,
207,Tristifer IV Mudd,,1,,,,,
208,Tuffleberry,,0,,,,,
209,Tumberjon,,0,,,,Night's Watch,
210,Tumco Lho,Ser,1,Ghiscari,,,,
211,Turnip,,0,northmen,,,House Stark,
212,Turquin,Maester,1,,,,,
213,Tybero Istarion,,1,,,,Second Sons,
214,Tymor,,1,,,,House Greyjoy,
215,Ulf the Ill,,0,Ironborn,,,House Greyjoy,
216,Tywin Frey (son of Raymund),,1,,,,House Frey,6
217,Uller,,1,Ironborn,,,House Greyjoy,
218,Umar,,0,Vale mountain clans,,,Moon Brothers,
219,Umfred,,0,,,,House Baelish,
220,Umma,,0,,,,Faceless Men,
221,Urreg,,0,,,,,
222,Urek Ironmaker,,1,Ironborn,,,House Ironmaker,
223,Urrathon,,0,Qartheen,,,,
224,Urzen,,1,Ironborn,,,House Greyjoy,
225,Urron Greyiron,,1,Ironborn,,,,
226,Urrigon Greyjoy,,1,Ironborn,,,House Greyjoy,37
227,Uthor Underleaf,Ser,1,,,,,100
228,Utt,Septon,1,,,,Brave Companions,
229,Vaellyn,Archmaester,1,,,,,
230,Varly,,0,northmen,,,House Stark,
231,Veiled Lady,,0,Braavosi,,,,
232,Vickon Botley,,1,Ironborn,,,House Botley,
233,Violet,,0,,,,,
234,Victor Tyrell,Ser,0,,,,House Tyrell,
235,Walda Frey (daughter of Lothar),,0,,,,House Frey,11
236,Walda Frey (daughter of Edwyn),,0,,,,House Frey,15
237,Walda Frey (daughter of Rhaegar),,0,,,,House Frey,17
238,Walda Frey (daughter of Walton),,0,,,,House Frey,25
239,Walda Frey (daughter of Merrett),,0,,,,House Frey,22
240,Walda Rivers (daughter of Aemon),,0,,,,House Frey,10
241,Walder Frey (son of Jammos),,1,,,,House Frey,14
242,Walder Frey (son of Emmon),,0,,,,House Frey of Riverrun,20
243,Walder Frey (son of Ryman),,1,Rivermen,,,House Frey,45
244,Walder Frey (son of Merrett),,1,,,,House Frey,9
245,Wallen,,0,,,,Night's Watch,
246,Walton,,1,northmen,,,House Bolton,
247,Walys Flowers,Maester,1,Reach,,,,
248,Wat (Barleycorn),,1,,,,House Osgrey,
249,Blue Bard,,1,,,,House Tyrell,
250,Wat (orphan),,0,,,,,
251,Wat (sailor),,0,,,,,
252,Wat (Standfast),,0,,,,House Osgrey,
253,Wat (Wet),,1,,,,House Osgrey,
254,Wate,,0,,,,House Targaryen,
255,Watt,,1,,,,Night's Watch,
256,Wayn (guard),,1,Northmen,,,House Stark,
257,Weasel,,1,,,,,9
258,Wendell Webber,Ser,1,,,,House Webber,
259,Wendello Qar Deeth,,0,Qartheen,,,,
260,Werlag,,0,Ironborn,,,House Greyjoy,
261,Rafford,,1,,,,House Clegane,
262,Jhogo,Bloodrider,0,Dothraki,,,House Targaryen,24
263,Sour Alyn,,1,,,,House Bolton,
264,Tobho Mott,,1,Qohor,,,,
265,Zollo,,1,Dothraki,,,Brave Companions,
266,Tanda Stokeworth,Stokeworth,0,,,,House Stokeworth,
267,Abelar Hightower,Ser,1,,,,House Hightower,
268,Addam Frey,Ser,1,,,,House Frey,
269,Addam,Ser,1,,,,,
270,Addam Osgrey,,1,,,,House Osgrey,13
271,Aegon Frey (son of Aenys),,1,,,,House Frey,52
272,Aegon Frey (son of Stevron),,1,,,,House Frey,50
273,Aegon Targaryen (son of Baelon),Prince,1,Valyrian,,,House Targaryen,
274,Aegon Targaryen (son of Jaehaerys I),Prince,0,Valyrian,,,House Targaryen,100
275,Aegon Targaryen (son of Aenys I),Prince,1,Valyrian,,,House Targaryen,17
276,Aegon Targaryen (son of Rhaegar),,1,Valyrian,,,House Targaryen,2
277,Aemon Costayne,,1,,,,House Costayne,
278,Aethan,,0,,,,Night's Watch,
279,Aethelmure,Grand Maester,0,,,,,
280,Aggar,,1,,,,House Greyjoy,
281,Agrivane,Archmaester,0,,,,,
282,Alaric of Eysen,,0,,,,,
283,Alebelly,,1,Northmen,,,House Stark,
284,Alequo Adarys,,1,Tyroshi,,,Band of Nine,
285,Alester Oakheart,,1,,,,House Oakheart,
286,Alia,,0,,,,,
287,All-for-Joffrey,,1,,,,,
288,Allaquo,,1,Braavosi,,,,
289,Allyria Dayne,,0,,,,House Dayne,
290,Alicent Hightower,LadyQueenDowager Queen,0,,,,House Hightower,45
291,Alyce,,1,,,,,
292,Alvyn Sharp,,1,Ironborn,,,House Sharp,
293,Alyn Hunt,Ser,1,,,,House Hunt,
294,Alys Arryn,,0,,,,House Arryn,
295,Alysanne Bracken,,0,,,,House Bracken,
296,Alyn Velaryon,Lord of the Tides,1,Valyrian,,,House Velaryon,56
297,Alysanne Osgrey,,0,,,,House Osgrey,21
298,Alyssa Arryn,,0,,,,House Arryn,
299,Alysanne Hightower,,0,,,,House Hightower,
300,Amabel,,0,,,,House Whent,
301,Ambrode,,0,Ironborn,,,,
302,Andrey Dalt,Ser,0,Dornish,,,House Dalt,
303,Andrey Charlton,Ser,1,,,,House Charlton,
304,Argrave the Defiant,Ser,1,,,,House Butterwell,
305,Armen,,1,,,,,
306,Arneld,Ser,1,,,,,
307,Arnell,Ser,1,,,,Night's Watch,
308,Arrec Durrandon,,1,,,,,
309,Arron,,1,,,,Night's Watch,
310,Arryk (guard),,0,,,,House Tyrell,
311,Arron Qorgyle,Ser,1,,,,House Qorgyle,
312,Arson,,1,Free Folk,,,,
313,Aubrey Ambrose,Ser,1,,,,House Ambrose,
314,Ayrmidon,,0,Valyrian,,,,
315,Baelon Targaryen (son of Viserys I),Prince,1,Valyrian,,,House Targaryen,0
316,Baelon Targaryen (son of Aerys),Lord of Dragonstone,0,Valyrian,,,House Targaryen,
317,Balon Botley,,1,Ironborn,,,House Botley,
318,Baelor Targaryen (son of Daeron II),Prince of Dragonstone,1,,,,House Targaryen,39
319,Bandy,,0,Northmen,,,House Stark,
320,Bannen,,1,,,,Night's Watch,
321,Barre,Septon,1,,,,,
322,Barbara Bracken,,0,,,,House Bracken,
323,Barth (brewer),,1,,,,House Stark,
324,Bass,,0,,,,Night's Watch,
325,Bearded Ben,,1,,,,Night's Watch,
326,Becca,,1,,,,House Arryn,
327,Beck,Goodman,1,,,,,6
328,Belandra,,0,,,,House Martell,
329,Beldecar,,0,,,,,
330,Belis,Wisdom,1,,,,Alchemists' Guild,
331,Bellonara Otherys,,0,Braavosi,,,,
332,Bella,,0,,,,,22
333,Ben,,1,,,,,12
334,Ben Blackthumb,,1,,,,House Whent,
335,Ben Bones,,1,,,,House Bolton,
336,Ben Bushy,Ser,0,,,,House Bushy,
337,Benedict,Archmaester,0,,,,,
338,Benjen Stark (Bitter),,1,Northmen,,,,
339,Benjen Stark (Sweet),,1,Northmen,,,,
340,Bennet,Septon,0,,,,,
341,Bennis,Ser,1,,,,House Osgrey,
342,Beqqo,,0,Braavosi,,,,
343,Bennarion Botley,,1,Ironborn,,,House Botley,
344,Beron Blacktyde,,0,,,,House Blacktyde,
345,Bertram Beesbury,Ser,1,,,,House Beesbury,
346,Bessa,,1,,,,,
347,Bessa (Winterfell),,0,Northmen,,,,
348,Bess Bracken,,0,,,,House Bracken,
349,Bethany (Blushing Bethany),,0,Braavosi,,,,
350,Bethany Fair-Fingers,,0,,,,,
351,Bharbo,Khal,0,Dothraki,,,,
352,Big Boil,,1,Free Folk,,,,
353,Blind Doss,,0,Free folk,,,,
354,Blane,,1,,,,Night's Watch,
355,Bodger,,0,Free Folk,,,,
356,Borcas,,1,,,,Night's Watch,
357,Bors,,1,,,,House Martell,
358,Borroq,,1,Free folk,,,,
359,Boy,,1,,,,,21
360,Brandon Stark (Bad),King in the North,1,Northmen,,,House Stark,
361,Brandon Stark (Burner),,1,Northmen,,Brandon Stark,,
362,Brandon Stark (the daughterless),Winterfell,1,Northmen,,,House Stark,
363,Brandon Stark (son of Cregan),Winterfell,1,Northmen,,,House Stark,
364,Brandon Stark (Shipwright),,1,Northmen,,,,
365,Brea,,0,Braavosi,,,,
366,Brella,,0,,,,House Baratheon,
367,Brenett,Maester,1,,,,House Frey,
368,Briar,,0,Free Folk,,,,
369,Brogg,,1,Free Folk,,,,
370,Brusco,,1,Braavosi,,,,
371,Brown Bernarr,,0,,,,Night's Watch,
372,Bryan of Oldtown,,0,Reach,,,,
373,Bryen,,1,,,,House Baelish,85
374,Buford Bulwer,Ser,1,,,,House Bulwer,
375,Bump,,1,Free folk,,,,
376,Buu,,0,,,,,
377,Byan Votyris,,1,Norvoshi,,,,
378,Byam Flint,Ser,1,,,,Night's Watch,
379,Byren Flowers,Ser,1,,,,,
380,Byron,Ser,0,,,,House Baelish,
381,Cadwyl,,1,Ironborn,,,House Greyjoy,
382,Lord Cafferen,Lord,1,,,,House Cafferen,
383,Calon,,0,Northmen,,,House Stark,
384,Cadwyn,Ser,0,,,,House Lannister,
385,Canker Jeyne,,0,Braavosi,,,,
386,Carellen Smallwood,,0,,,,House Smallwood,
387,Cass,,0,,,,,
388,Carrot,,0,,,,House Royce of the Gates of the Moon,
389,Castos,Archmaester,0,,,,,
390,Cedra,,0,,,,House Martell,
391,Catelyn Bracken,,0,,,,House Bracken,
392,Cedric Payne,Ser,1,,,,House Payne,
393,Cedrik Storm,,0,,,,House Buckler,
394,Cerrick,Maester,1,Ironborn,,,House Webber,
395,Cetheres,Archmaester,0,,,,,
396,Catelyn Stark,Winterfell,0,Rivermen,,,House Tully,35
397,Cheyk,,0,,,,Black Ears,
398,Chiggen,,1,,,,,
399,Clarence Crabb,Ser,1,,,,House Crabb,
400,Clarence Charlton,Ser,0,,,,House Charlton,
401,Clarence Crabb (Short),Ser,1,,,,House Crabb,
402,Clement,Brother,1,,,,,54
403,Cleyton Caswell,Ser,0,,,,House Caswell,
404,Clifford Conklyn,Ser,1,,,,House Conklyn,
405,Colen of Greenpools,Ser,1,,,,House Baratheon,
406,Collio Quaynis,,1,Tyroshi,,,,
407,Conn,,1,Vale mountain clans,,,Stone Crows,
408,Coratt,,1,Vale mountain clans,,,Stone Crows,
409,Cosgrove,Steward,0,,,,House Butterwell,
410,Cossomo,,1,Braavosi,,,,
411,Courtenay Greenhill,Ser,0,,,,House Greenhill,
412,Cregan Karstark,,1,Northmen,,,House Karstark,56
413,Cutjack,,1,,,,,
414,Dacks,,1,,,,House Redfort,
415,Daella Targaryen (daughter of Jaehaerys I),Eyrie,0,Valyrian,,,House Targaryen,28
416,Daella Targaryen (daughter of Maekar I),Princess,1,Valyrian,,,House Targaryen,100
417,Daenerys Targaryen (daughter of Aegon IV),Princess,0,,,,House Targaryen,100
418,Daena Targaryen,Princess,0,Valyrian,,,House Targaryen,100
419,Daeryssa,Princess,0,,,,,
420,Daeron Targaryen (son of Viserys I),Ser,1,,,,House Targaryen,16
421,Dagon Ironmaker,,1,Ironborn,,,House Ironmaker,
422,Daeron Targaryen (son of Maekar I),Prince of Dragonstone,1,,,,House Targaryen,31
423,Dake,,1,,,,House Osgrey,
424,Dale Drumm,,0,,,,House Drumm,
425,Dalla (Dragonstone),,0,,,,House Baratheon of Dragonstone,
426,Damon Lannister (lord),Casterly Rock,1,Westerman,,,House Lannister,
427,Dan,,1,Free Folk,,,,
428,Damon Lannister (son of Jason),,1,,,,House Lannister,61
429,Darla Deddings,Lady,0,,,,House Deddings,
430,Danos Slynt,,1,,,,House Slynt,
431,Daughter of the Dusk,,0,Braavosi,,,,
432,Del,,0,Free Folk,,,,16
433,Denestan,Maester,0,,,,,
434,Denyo Terys,,1,Braavosi,,,,18
435,Dennis Plumm,Ser,1,,,,House Plumm,
436,Denys Drumm,,1,Ironborn,,,House Drumm,
437,Denys Redwyne,,1,,,,House Redwyne,
438,Denyse Hightower,,0,,,,House Hightower,
439,Dhazzar,Cupbearer,0,Ghiscari,,,,
440,Dick Follard,,1,,,,Night's Watch,
441,Dickon Manwoody,,1,,,,House Manwoody,
442,Dobber,,1,,,,,
443,Donnel Drumm,,1,Ironborn,,,House Drumm,
444,Donel Greyjoy,,1,Ironborn,,,House Greyjoy,
445,Donella Hornwood,Hornwood,0,Northmen,,,House Manderly,50
446,Donnel Hill,,1,,,,Night's Watch,
447,Donnis,,0,Northmen,,,House Stark,
448,Donyse,Septa,0,,,,,
449,Dorcas,,0,,,,House Lannister,
450,Dornish Dilly,,0,,,,Night's Watch,
451,Dorren Stark,,1,Northmen,,,,
452,Draqaz,Cupbearer,0,Ghiscari,,,,
453,Drennan,,1,Ironborn,,,House Greyjoy,
454,Dudley,Ser,1,,,,,
455,Dryn,,1,Free Folk,,,,
456,Dunaver,Ser,0,,,,House Lannister,
457,Durran,,1,First Men,,,,
458,Dyah,,0,Free Folk,,,,
459,Dykk Harlaw,,1,,,,House Harlaw,
460,Easy,,1,,,,Night's Watch,
461,Duncan Targaryen,Prince of Dragonstone,1,,,,House Targaryen,39
462,Edgerran Oakheart,Lord,1,,,,House Oakheart,
463,Eden Risley,Ser,1,,,,House Risley,
464,Edmund Ambrose,Ser,0,,,,House Ambrose,
465,Edwyn Osgrey,Ser,1,,,,House Osgrey,
466,Eggon,,1,,,,House Clegane,
467,Eglantine,Septa,0,,,,Faith of the Seven,
468,Egon Emeros,,0,Qartheen,,,Pureborn,
469,Eldiss,,1,Ironborn,,,,
470,Eldred Codd,,1,Ironborn,,,House Codd,
471,Elaena Targaryen,Princess,0,Valyrian,,,House Targaryen,70
472,Elys Westerling,Ser,0,,,,House Westerling,
473,Elyas Willum,,1,,,,House Willum,
474,Elza,,0,Meereenese,,,House of Galare,
475,Emma,,0,,,,,45
476,Elys Waynwood,Ser,0,,,,House Waynwood,
477,Emrick,,1,,,,Night's Watch,
478,Endehar,,0,,,,,
479,Emphyria Vance,,0,,,,House Vance of Wayfarer's Rest,
480,Enger,,0,,,,House Tully,
481,Erik Ironmaker,Lord Steward of the Iron Islands,1,Ironborn,,,House Ironmaker,94
482,Erreck,Maester,1,,,,,
483,Erreg,King,0,Andal,,,,
484,Errok,,1,Free Folk,,,,
485,Erryk (guard),,0,,,,House Tyrell,
486,Esgred,,1,,,,,
487,Eustace (Braavos),Septon,0,,,,Faith of the Seven,
488,Eustace (Dance of the Dragons),Septon,1,,,,Faith of the Seven,
489,Ezzara,Blue Grace,0,Ghiscari,,,,
490,Ezzelyno,Red Priest,0,Braavosi,,,R'hllor,
491,Fern,,0,,,,,
492,Ferny,,0,Free Folk,,,,
493,Ferret,,0,,,,,
494,Fogo,Khalakka,1,Dothraki,,,,
495,Fornio,,1,,,,Night's Watch,
496,Fralegg,,1,Ironborn,,,,
497,Frenya,,1,Free Folk,,,,
498,Frynne,,0,,,,,
499,Gage,,0,,,,House Stark,
500,Galladon of Morne,Ser,1,,,,,
501,Gallard,Archmaester,0,,,,,
502,Galt,,0,Vale mountain clans,,,Stone Crows,
503,Galtry the Green,Ser,1,,,,,
504,Galyeon of Cuy,,1,,,,,
505,Gareth the Grey,Ser,1,,,,,
506,Garigus,Wisdom,1,,,,Alchemists' Guild,
507,Garizon,Archmaester,0,,,,,
508,Gariss,,1,,,,House Stark,
509,Garrett Paege,,1,,,,House Paege,
510,Garth XII Gardener,,0,,,,,
511,Garth of Oldtown,,0,,,,Night's Watch,
512,Gascoyne,Ser,0,,,,House Martell,
513,Gavin,,0,Free Folk,,,,
514,Gelmarr,,1,,,,House Greyjoy,
515,Gerren,,0,,,,,
516,Gerold Lannister,Casterly Rock,1,Westerman,,,House Lannister,
517,Ghael,Lord,1,Astapori,,,,
518,Gillam,Brother,1,,,,,
519,Gladden Wylde,Ser,1,,,,House Wylde,
520,Glendon Flowers,Ser,1,,,,,100
521,Goady,,0,,,,Night's Watch,
522,Godwyn,,1,,,,House Lannister,
523,Gormond Drumm,,1,Ironborn,,,House Drumm,
524,Gowen Baratheon,,1,,,,House Baratheon,
525,Grance Morrigen,Ser,1,,,,House Morrigen,
526,Grazdan,Good Master,1,Astapori,,,,
527,Grazdan zo Galare,,1,Meereenese,,,House of Galare,
528,Green Gergen,,1,,,,,
529,Great Walrus,,1,Free Folk,,,,
530,Gretchel,,1,,,,House Arryn,
531,Grey King,,1,Ironborn,,,,
532,Griffin King,,1,First Men,,,,
533,Grigg,,0,Free Folk,,,,
534,Grisel,,0,,,,House Baelish,
535,Grisella,,0,Free Folk,,,,
536,Gulian,Maester,0,,,,,
537,Gulian Qorgyle,Ser,1,,,,House Qorgyle,
538,Gurn,,0,Vale mountain clans,,,Stone Crows,
539,Guyne,Archmaester,0,,,,,
540,Gwayne Corbray,Ser,1,,,,House Corbray,
541,Gwayne Gaunt,Ser,0,,,,House Gaunt,
542,Gwin Goodbrother,,0,Ironborn,,,House Goodbrother,
543,Gyles,Ser,0,,,,Kingsguard,
544,Gyleno Dothare,,1,Braavosi,,,,
545,Gyles Farwynd,,1,Ironborn,,,House Farwynd of the Lonely Light,
546,Gwynesse Harlaw,,0,Ironborn,,,House Harlaw,
547,Gyles Grafton,,1,,,,House Grafton,
548,Gyloro Dothare,,1,Braavosi,,,,
549,Gyles III Gardener,,1,,,,,
550,Gynir,,1,,,,House Greyjoy,
551,Haggon,,1,Free Folk,,,,
552,Gysella Goodbrother,,0,Ironborn,,,House Goodbrother,
553,Hali,,0,Free Folk,,,,
554,Haldon,,1,,,,House Targaryen,
555,Harbert Paege,Ser,0,,,,House Paege,
556,Hamish the Harper,,0,,,,,
557,Halys Hornwood,Hornwood,1,Northmen,,,House Hornwood,
558,Harghaz,,1,Ghiscari,,,,
559,Hareth (Mole's Town),,1,,,,Night's Watch,
560,Harlan Grandison,Ser,1,,,,House Grandison,
561,Harle the Handsome,,1,Free Folk,,,,
562,Harle the Huntsman,,1,Free Folk,,,,
563,Harlon Botley,,1,Ironborn,,,House Botley,
564,Harmund Sharp,,1,Ironborn,,,House Sharp,
565,Harlon Greyjoy,,1,Ironborn,,,House Greyjoy,
566,Harodon,Archmaester,0,,,,,
567,Harra,,0,,,,House Whent,
568,Harrag Sharp,,0,Ironborn,,,House Sharp,
569,Harrag Hoare,,1,Ironborn,,,,
570,Harren Half-Hoare,,1,Ironborn,,,,
571,Harren Botley,,0,Ironborn,,,House Botley,
572,Harrold Osgrey,Ser,1,,,,House Osgrey,
573,Harry Sawyer,Ser,0,,,,House Sawyer,
574,Harsley,,1,,,,,
575,Harwyn Hoare,,1,,,Qhorwyn Hoare,,
576,Hayhead,,1,Northmen,,,House Stark,
577,Hazrak zo Loraq,,1,Ghiscari,,,House of Loraq,
578,Harwyn Plumm,Ser,1,,,,House Plumm,
579,Helicent Uffering,,0,,,,House Uffering,100
580,Helliweg,Maester,0,,,,,
581,Helly,,0,,,,,
582,Helya,,0,,,,House Greyjoy,
583,Henk,,1,Free Folk,,,,
584,Henly (House Ashford),,0,,,,House Ashford,
585,Herbert Bolling,Ser,0,,,,House Bolling,
586,Hendry Bracken,,0,,,,House Bracken,
587,Heward,,0,northmen,,,House Stark,
588,Hibald,,1,,,,,
589,Hilmar Drumm,,1,Ironborn,,,House Drumm,
590,Hod,,1,,,,,
591,Hoke,,0,,,,House Lannister,
592,Holger,,0,Vale mountain clans,,,Stone Crows,
593,Hop-Robin,,1,,,,Night's Watch,
594,Hugh Beesbury,Ser,0,,,,House Beesbury,
595,Humfrey Clifton,Ser,1,,,,House Clifton,
596,Hunnimore,Maester,0,,,,,
597,Husband,,1,,,,,
598,Illifer,Ser,1,,,,,65
599,Ironbelly,,1,,,,,
600,Jaehaerys Targaryen (son of Aegon II),Prince,1,,,,House Targaryen,6
601,Jaehaera Targaryen,PrincessQueen,0,Valyrian,,,House Targaryen,10
602,Jaggot,,0,Vale mountain clans,,,Stone Crows,
603,Jaime Frey,,1,,,,House Frey,6
604,Jate,,0,,,,,
605,Jate Blackberry,,1,,,,House Blackberry,
606,Jasper Waynwood,,1,,,,House Waynwood,
607,Jayde,,0,,,,Chataya's brothel,
608,Jeffory Norcross,Ser,1,,,,House Norcross,
609,Jeffory Mallister,,1,,,,House Mallister,
610,Jayne Bracken,,0,,,,House Bracken,
611,Squinty Jeyne,,0,,,,House Osgrey,
612,Jeyne Fossoway,,0,,,,House Fossoway of New Barrel,
613,Jeyne Heddle,,0,,,,Brotherhood Without Banners,24
614,Jeyne Swann,,0,,,,House Swann,
615,Jeyne Westerling (wife of Maegor I),QueenBlack Bride,0,,,,House Westerling,20
616,Jeyne Waters,,1,Westeros,,,,100
617,Jeyne Westerling,Winterfell,0,Westermen,,,House Westerling,22
618,Jocelyn Swyft,,0,,,,House Swyft,
619,Jodge,,1,,,,House Lannister,
620,Joanna Swyft,,0,,,,House Swyft,
621,Joanna Lannister,Casterly Rock,0,Westerman,,,House Lannister,28
622,Johanna Swann,,0,,,,House Swann,
623,Jommo,Khal,1,Dothraki,,,,
624,Jommy,,1,,,,House Baratheon,
625,Jon Cupps,Ser,1,,,,House Cupps,
626,Jon Heddle,Ser,1,,,,House Heddle,
627,Jon Hollard,Ser,1,,,,House Hollard,
628,Jon Penny,,0,,,,House Penny,
629,Jon Penrose,Ser,1,,,,House Penrose,
630,Jon Pox,,1,,,,,
631,Jon Vance,Maester,1,,,,,
632,Jon Umber (Smalljon),,1,Northmen,,,House Umber,
633,Jon Umber (Greatjon),Last Hearth,1,Northmen,,,House Umber,
634,Jon Waters,Ser,1,,,,,100
635,Jorquen,Septon,1,,,,Night's Watch,
636,Jorgen,,1,,,,House Webber,
637,Joseran,Maester,0,,,,,
638,Joseth,,1,,,,House Stark,
639,Joseth Mallister,Ser,0,,,,House Mallister,
640,Joss,,1,,,,,
641,Joss the Gloom,,0,Braavosi,,,,
642,Joth Quickbow,,0,,,,,
643,Josua Willum,,1,,,,House Willum,
644,Jurne,Maester,0,,,,,
645,Jothos Slynt,,1,,,,House Slynt,
646,Jyck,,1,,,,House Lannister,
647,Jyzene,,0,,,,,
648,Kegs,,1,,,,Night's Watch,
649,Kella,,0,,,,House Baelish,
650,Kemmett Pyke,,0,Ironborn,,,,
651,Kenned,,0,Ironborn,,,,
652,Ketter,,0,,,,Night's Watch,
653,Kirby Pimm,Ser,1,,,,,
654,Kojja Mo,,0,Summer Isles,,,,
655,Kirth Vance,,1,,,,House Vance of Atranta,
656,Koss,,1,,,,,
657,Kromm,,0,ironborn,,,House Greyjoy,
658,Kurz,,1,,,,,
659,Kyle,Ser,1,,,,,
660,Kyle (brotherhood),,0,,,,Brotherhood without banners,
661,Kyle Royce,,1,,,,House Royce,
662,Kyleg,,0,Free Folk,,,,
663,Kym,Maester,0,,,,,
664,Lamprey,,1,,,,House Baratheon of Dragonstone,
665,Lancel V Lannister,,0,,,,,
666,Lanna,,0,,,,,20
667,Lanna (Happy Port),,0,Braavosi,,,Happy Port,19
668,Larraq,,1,Ghiscari,,,,
669,Layna,,0,,,,,26
670,Lem,,1,,,,Brotherhood without banners,
671,Leana Frey,,0,,,,House Frey,6
672,Lennocks,,1,,,,,
673,Lem (Standfast),,0,,,,House Osgrey,100
674,Lenn,,0,Free Folk,,,,
675,Lenyl,,1,Free Folk,,,,
676,Lenwood Tawney,,1,Ironborn,,,House Tawney,
677,Leo Tyrell (Longthorn),Lord Paramount of the Mander,1,Reach,,,House Tyrell,
678,Leona Tyrell,,0,,,,House Tyrell,
679,Leo Tyrell (son of Victor),Ser,1,,,,House Tyrell,
680,Lester,,0,,,,House Lannister,
681,Lew (guard),,0,Northmen,,,House Stark,
682,Lewis Lanster,,1,,,,Windblown,
683,Lewys Piper,,1,Rivermen,,,House Piper,
684,Leyla Hightower,,0,,,,House Hightower,
685,Lia Serry,,0,,,,House Serry,
686,Liane Vance,,0,,,,House Vance of Wayfarer's Rest,
687,Lister,,1,,,,,
688,Long Lew,,1,,,,House Tully,
689,Lorcas,,1,,,,,64
690,Lorent Lorch,Ser,0,,,,House Lorch,
691,Lorimer,Ser,1,,,,House Lefford,
692,Lorren,,1,,,,,
693,Lothar,Maester,1,,,,,
694,Lorent Tyrell,,0,,,,House Tyrell,
695,Lotho Lornel,,0,Braavosi,,,,
696,Lucan,,1,,,,House Whent,
697,Lucamore Strong,Ser,1,,,,House Strong,
698,Lucantine Woodwright,Ser,0,,,,,
699,Lucas Nayland,Ser,0,,,,House Nayland,
700,Lucas Roote,,1,,,,House Roote,
701,Lucifer Hardy,Lord,1,,,,House Hardy,
702,Luco Prestayn,,0,Braavosi,,,,
703,Lucimore Botley,,0,Ironborn,,,House Botley,
704,Lucos,Septon,1,,,,,
705,Luke of Longtown,,0,,,,Night's Watch,
706,Lucas Tyrell,,1,,,,House Tyrell,
707,Lum,,1,westermen,,,House Lannister,
708,Luton,,1,Northmen,,,House Bolton,
709,Luthor Tyrell (son of Moryn),Ser,0,,,,House Tyrell,
710,Luthor Tyrell (son of Theodore),,1,,,,House Tyrell,
711,Lymond Mallister,Seagard,0,,,,House Mallister,
712,Lync,,0,,,,Night's Watch,
713,Lyonel (knight),Ser,1,,,,House Lannister,
714,Lyonel Bentley,Ser,0,,,,Queensguard,
715,Lyonel Tyrell (lord),Lord Paramount of the Mander,1,Reach,,,House Tyrell,
716,Lysa Meadows,,0,,,,House Meadows,
717,Lyonel Tyrell (son of Leo),,0,,,,House Tyrell,
718,Maddy,,0,,,,House Arryn,
719,Maerie (Goodwife),Goodwife,0,,,,,
720,Maerie (Whore),,0,,,,,
721,Maggy,,1,,,,,
722,Malcolm,Ser,0,,,,,
723,Malleon,Grand Maester,1,,,,,
724,Malliard,Wisdom,1,,,,Alchemists' Guild,
725,Mallor (Knight),Ser,1,,,,,
726,Mallor,,0,,,,House Lannister,
727,Manfred Dondarrion,Ser,1,,,,House Dondarrion,
728,Manfred Lothston,,1,,,,House Lothston,
729,Manfred Swann,Ser,0,,,,House Swann,
730,Manfryd Lothston,,1,,,,House Lothston,
731,Manfryd Yew,Ser,0,,,,House Yew,
732,Marei,,1,,,,Chataya's brothel,25
733,Marghaz zo Loraq,,1,Ghiscari,,,House of Loraq,
734,Maris,,0,Free folk,,,,
735,Marq Grafton,,1,,,,House Grafton,
736,Martyn Mullendore,Uplands,0,,,,House Mullendore,
737,Maslyn,,0,,,,Night's Watch,
738,Mathos Mallarawan,,0,Qartheen,,,,
739,Matrice,,0,,,,House Baratheon of Dragonstone,
740,Matt,,1,,,,,
741,Maynard,Ser,1,,,,,
742,Maynard Plumm,Ser,1,,,,House Plumm,
743,Mazdhan zo Loraq,,1,Ghiscaricari,,,House of Loraq,
744,Mebble,,1,,,,,
745,Meha,,0,Free Folk,,,,
746,Mela,,0,,,,House Arryn,
747,Meizo Mahr,,0,,,,,
748,Melaquin,Maester,0,,,,,
749,Medwick Tyrell,Maester,1,,,,,
750,Meliana,,0,,,,,
751,Melicent,Septa,0,,,,,
752,Mellei,,0,,,,House Martell,
753,Melly,,0,,,,Brotherhood Without Banners,
754,Mellos,Grand Maester,1,,,,,
755,Meralyn,,0,Braavosi,,,Happy Port,
756,Merling Queen,,0,Braavosi,,,,
757,Mero,,1,Braavosi,,,Second Sons,
758,Merrell Florent,,1,,,,House Florent,
759,Michael Mertyns,Ser,1,,,,House Mertyns,
760,Miklaz,Cupbearer,0,Ghiscari,,,,
761,Mollander,,1,,,,,
762,Mollos,Archmaester,0,,,,,
763,Moonshadow,,0,Braavos,,,,
764,Moreo Tumitis,,1,,,,,37
765,Morgarth,Ser,1,,,,House Baelish,
766,Moro,Khal,1,Dothraki,,,,
767,Morra,,0,,,,House Martell,
768,Morrec,,1,,,,House Lannister,
769,Mors Manwoody,,1,,,,House Manwoody,
770,Mortimer Boggs,Ser,1,,,,House Boggs,
771,Mors Martell (brother of Doran),,1,,,,House Martell,0
772,Mother Mole,,0,Free Folk,,,,
773,Mudge (brotherhood),,0,,,,Brotherhood without banners,
774,Mudge (miller),,1,,,,,
775,Mudge (swineherd),,1,,,,House Osgrey,
776,Munciter,Wisdom,1,,,,Alchemists' Guild,
777,Mully,,1,,,,Night's Watch,
778,Murch,,1,,,,,
779,Murch (Winterfell),,1,Northmen,,,House Stark,
780,Myles (squire),,1,,,,House Tully,
781,Myrtle,,0,Free Folk,,,,
782,Nage,,1,,,,House Bolton,
783,Nail,,0,,,,Second Sons,
784,Narbert,BrotherProctor,0,,,,,
785,Narbo,,0,Braavosi,,,,
786,Nan,,0,,,,House Stark,
787,Ned (ferryman),,1,,,,,
788,Nella,,0,Free Folk,,,,
789,Ned Woods,,1,Northmen,,,House Woods,
790,Nissa Nissa,,1,,,,,
791,Nightingale,,0,,,,,
792,Nolla,Goodwife,0,,,,,
793,Norjen,,0,Ironmen,,,Drowned men,
794,Norren,Archmaester,1,,,,,
795,Nymos,Archmaester,0,,,,,
796,Normund Tyrell,Maester,0,,,,,
797,Ocley,Archmaester,0,,,,,
798,Ogo,Khal,1,Dothraki,,,,
799,Old Crackbones,,1,,,,,
800,Old Grey Gull,,1,Ironborn,,,Drowned men,
801,Old Tattersalt,,1,,,,Night's Watch,
802,Old Henly,,1,,,,Night's Watch,79
803,Olyvar Oakheart,Ser,1,,,,House Oakheart,
804,Olene Tyrell,,0,,,,House Tyrell,
805,Orbelo,,1,Braavosi,,,,
806,Orivel,Ser,1,,,,Kingsguard,
807,Orell,,1,Free Folk,,,,
808,Ormond (knight),Ser,0,,,,,
809,Ormond Osgrey,Coldmoat,0,,,,House Osgrey,
810,Ormond Westerling,Ser,0,,,,House Westerling,
811,Oro Tendyris,,1,Braavosi,,,,
812,Ormund Wylde,Ser,1,,,,House Wylde,
813,Osmynd,Septon,0,,,,Faith of the Seven,
814,Ossy,,0,,,,House Royce of the Gates of the Moon,
815,Oswyn,,0,,,,Kingswood Brotherhood,
816,Othor,,1,,,,Night's Watch,
817,Otter Gimpknee,,0,,,,,
818,Ottomore,,1,,,,,
819,Owen (brother of Meribald),,1,,,,,
820,Owen,,1,,,,Night's Watch,
821,Owen Inchfield,Ser,0,,,,House Inchfield,
822,Palla,,0,Northmen,,,House Stark,
823,Pate (Old),,1,,,,,
824,Pate (Mory),,1,,,,,
825,Pate (Lancewood),,1,,,,,
826,Pate (Pinchbottom),,0,,,,,
827,Pate (Night's Watch),,0,,,,Night's Watch,
828,Pate (Shermer's Grove),,1,,,,,
829,Pate (Standfast),,1,,,,House Osgrey,100
830,Penny Jenny,,0,,,,,
831,Penny,,0,,,,Second Sons,24
832,Perros Blackmont,,1,Dornish,,,House Blackmont,
833,Perwyn Osgrey,Coldmoat,0,,,,House Osgrey,
834,Peter Plumm,Ser,1,,,,House Plumm,
835,Plummer,Ashford,0,,,,House Ashford,
836,Poetess,,0,Braavosi,,,,
837,Pollitor,Wisdom,1,,,,Alchemists' Guild,
838,Porridge,,1,,,,House Baratheon of Dragonstone,
839,Porther,,1,northmen,,,House Stark,
840,Portifer Woodwright,Ser,0,,,,,
841,Poul Pemford,,1,,,,House Pemford,
842,Poxy Tym,,1,northmen,,,House Stark,
843,Praed,,1,,,,,
844,Puckens,,0,,,,House Lannister,
845,Pudding,,0,,,,,
846,Puddingfoot,,0,,,,Brotherhood without banners,
847,Qalen,Maester,1,,,,House Greyjoy,
848,Qarl the Thrall,,0,Ironborn,,,,
849,Qarl Kenning,,0,Ironborn,,,House Kenning of Harlaw,
850,Qarl Correy,Ser,1,,,,House Velaryon,
851,Qarl Shepherd,,0,Ironborn,,,House Shepherd,
852,Qarl Quickaxe,,1,Ironmen,,,,
853,Qos,Wind Witch,1,,,,,
854,Quellon Humble,,1,Ironborn,,,House Humble,
855,Quaro,,0,Dothraki,,,,
856,Aelinor Penrose,LadyQueen,0,,,,House Penrose,
857,Aemon Estermont,Ser,1,Stormlands,,,House Estermont,
858,Aemon Rivers,Ser,1,,,,House Frey,
859,Aglantine,Septa,0,,,,Faith of the Seven,
860,Aladale Wynch,Ser,1,Ironborn,,,House Wynch,
861,Albett,,1,,,,Night's Watch,
862,Albar Royce,Ser,1,,,,House Royce of the Gates of the Moon,
863,Alesander Staedmon,Broad Arch,0,,,,House Staedmon,
864,Alekyne Florent,Brightwater,1,,,,House Florent,
865,Alesander Frey,,0,,,,House Frey,40
866,Alester Norcross,,1,,,,House Norcross,15
867,Allard Seaworth,Lady Marya,1,,,,House Seaworth,
868,Allar Deem,,1,,,,City Watch of King's Landing,
869,Alla Tyrell,,0,,,,House Tyrell,19
870,Alyn Cockshaw,Lord,1,,,,House Cockshaw,
871,Alyce Graceford,Lady,0,,,,House Graceford,
872,Alyn Connington,Ser,0,,,,House Connington,
873,Alyn Ambrose,,1,,,,House Ambrose,
874,Alyn Estermont,Ser,1,Stormlands,,,House Estermont,
875,Alyn Stackspear,Ser,0,,,,House Stackspear,
876,Alyn Frey,,1,,,,House Frey,10
877,Alyn Haigh,,0,,,,House Haigh,49
878,Alysanne Bulwer,Blackcrown,0,,,,House Bulwer,14
879,Alysanne Lefford,Golden Tooth,0,,,,House Lefford,
880,Alys Frey,,0,,,,House Frey,
881,Alyssa Blackwood,Lady,0,,,,House Blackwood,
882,Alyx Frey,,0,,,,House Frey,23
883,Amarei Crakehall,,0,,,,House Crakehall,19
884,Ambrose Butterwell,Whitewalls,1,,,,House Butterwell,100
885,Andar Royce,Ser,1,Valemen,,,House Royce,
886,Andros Brax,Hornvale,1,,,,House Brax,
887,Antario Jast,Lord,1,,,,House Jast,
888,Andrew Estermont,Ser,1,,,,House Estermont,
889,Annara Farring,Lady,0,,,,House Farring,
890,Ardrian Celtigar,Claw Isle,1,,,,House Celtigar,76
891,Anya Waynwood,Ironoaks,0,,,,House Waynwood,
892,Androw Frey,,1,,,,House Frey,10
893,Armond Caswell,Bitterbridge,1,,,,House Caswell,
894,Arthur Ambrose,Lord,1,,,,House Ambrose,
895,Arthor Karstark,,1,Northmen,,,House Karstark,
896,Arwyn Frey,,0,,,,House Frey,20
897,Artos Stark,,1,Northmen,,,House Stark,
898,Arwood Frey,Ser,1,,,,House Frey,42
899,Lord Ashford,Ashford,1,Reach,,,House Ashford,
900,Azzak,Cupbearer,0,Ghiscari,,,House of Ghazeen,
901,Baelor Hightower,Ser,1,,,,House Hightower,
902,Balman Byrch,Ser,1,,,,House Byrch,
903,Bayard Norcross,Ser,0,,,,House Norcross,
904,Bedwyck,,1,,,,Night's Watch,
905,Barthogan Stark,Winterfell,1,Northmen,,,House Stark,
906,Bellena Hawick,,0,,,,House Hawick,
907,Benedar Belmore,Strongsong,1,,,,House Belmore,
908,Benedict Broom,Ser,0,,,,House Broom,
909,Bennard Brune,Ser,1,,,,House Brune of Brownhollow,
910,Benfrey Frey,Ser,1,,,,House Frey,28
911,Beren Tallhart,,1,Northmen,,,House Tallhart,16
912,Berena Hornwood,,0,Northmen,,,House Hornwood,
913,Beth Cassel,,0,Northmen,,,House Cassel,16
914,Beron Stark,Winterfell,1,Northmen,,,House Stark,
915,Bhakaz zo Loraq,Cupbearer,1,Ghiscari,,,House of Loraq,
916,Bethany Redwyne,Goldengrove,0,,,,House Redwyne,
917,Bethany Rosby,Lady,0,,,,House Rosby,17
918,Black Bernarr,,1,,,,Night's Watch,
919,Betharios of Braavos,,0,,,,House Frey,
920,Boremund Harlaw,Harridan Hill,1,Ironborn,,,House Harlaw of Harridan Hill,
921,Bradamar Frey,,1,,,,House Frey,16
922,Branston Cuy,Lord of Sunflower Hall,0,,,,House Cuy,
923,Brandon Tallhart,,1,Northmen,,,House Tallhart,21
924,Bryan Fossoway,Ser,1,,,,House Fossoway of Cider Hall,
925,Bryan Frey,,1,,,,House Frey,24
926,Bryen Farring,,1,,,,House Farring,
927,Bryen Caron,Lord of the Marches,1,,,,House Caron,
928,Burton Crakehall,Ser,1,,,,House Crakehall,
929,Craghas Drahar,,1,Myrish,,,Kingdom of the Three Daughters,
930,Carolei Waynwood,,0,,,,House Waynwood,
931,Lord Caswell,Bitterbridge,1,,,,House Caswell,
932,Cayn,,1,Northmen,,,House Stark,
933,Cerenna Lannister,,0,,,,House Lannister,
934,Cersei Frey,,0,,,,House Frey,13
935,Chayle,Septon,1,,,,,
936,Clarent Crakehall,Ser,0,,,,House Crakehall,
937,Clement Crabb,Ser,1,,,,House Crabb,
938,Clement Piper,Pinkmaiden,1,Rivermen,,,House Piper,
939,Cley Cerwyn,Cerwyn,1,Northmen,,,House Cerwyn,15
940,Clubfoot Karl,,1,,,,Night's Watch,
941,Conwy,,0,,,,Night's Watch,
942,Colin Florent,Ser,0,,,,House Florent,
943,Colmar Frey,,1,,,,House Frey,17
944,Corliss Penny,Ser,0,,,,House Penny,
945,Creighton Redfort,Ser,0,Valemen,,,House Redfort,
946,Cuger,,1,,,,Night's Watch,
947,Cregan Stark,Winterfell,1,Northmen,,,House Stark,
948,Cyrenna Swann,,0,,,,House Swann,13
949,Cynthea Frey,,0,,,,House Frey,15
950,Daegon Shepherd,,0,Ironborn,,,House Shepherd,
951,Daeron Vaith,Lord of the Red Dunes,0,Dornish,,,House Vaith,
952,Dafyn Vance,Ser,0,,,,House Vance,
953,Dagon Greyjoy,Lord Reaper of Pyke,1,Ironborn,,,House Greyjoy,
954,Dalbridge,,1,,,,Night's Watch,45
955,Damon Paege,Ser,1,,,,House Paege,
956,Damon Shett,Ser,0,,,,House Shett of Gull Tower,
957,Damon Vypren,Ser,0,,,,House Vypren,40
958,Dancy,,0,,,,Chataya's brothel,
959,Dareon,,1,,,,Night's Watch,
960,Darlessa Marbrand,,0,,,,House Marbrand,
961,Daryn Hornwood,,1,Northmen,,,House Hornwood,
962,Danwell Frey,Ser,1,,,,House Frey,53
963,Deana Hardyng,,0,,,,House Hardyng,
964,Delena Florent,,0,,,,House Florent,
965,Della Frey,,0,,,,House Frey,9
966,Delp,,0,,,,House Tully,
967,Delonne Allyrion,Godsgrace,0,Dornish,,,House Allyrion,
968,Denys Darklyn,Duskendale,1,,,,House Darklyn,
969,Denys Arryn,Ser,0,,,,House Arryn,
970,Dermot,Ser,0,,,,House Baratheon of Dragonstone,
971,Desmond,,0,,,,House Stark,
972,Desmond Redwyne,Ser,1,,,,House Redwyne,
973,Deziel Dalt,Knight,1,,,,House Dalt,
974,Dickon Tarly,,1,,,,House Tarly,18
975,Dickon Frey,,1,,,,House Frey,11
976,Dirk,,1,,,,Night's Watch,
977,Dolf,,0,Vale mountain clans,,,Stone Crows,
978,Donnel Haigh,Ser,1,,,,House Haigh,50
979,Donnel of Duskendale,Ser,1,,,,Kingsguard,
980,Donnel Locke,Ser,0,,,,House Locke,
981,Donnel Waynwood,Ser,0,,,,House Waynwood,28
982,Donnor Stark,Winterfell,1,Northmen,,,House Stark,
983,Dormund,,1,Free Folk,,,,
984,Duram Bar Emmon,Sharp Point,0,,,,House Bar Emmon,21
985,Ebben,,1,,,,Night's Watch,
986,Edderion Stark,King in the North,1,Northmen,,,House Stark,
987,Edmyn Tully,Riverrun,1,Rivermen,,,House Tully,
988,Eddara Tallhart,Lady of Torrhen's Square,0,Northmen,,,House Tallhart,16
989,Edrick Stark,King in the North,1,Northmen,,,House Stark,
990,Edwyd Fossoway,Ser,1,,,,House Fossoway of Cider Hall,
991,Edwyn Stark,King in the North,0,Northmen,,,House Stark,
992,Edwyle Stark,Winterfell,1,Northmen,,,House Stark,
993,Elder Brother,Ser,1,,,,Faith of the Seven,50
994,Elbert Arryn,Ser,1,,,,House Arryn,
995,Eleanor Mooton,,0,,,,House Mooton,19
996,Ellery Vance,Ser,1,,,,House Vance of Atranta,
997,Elron,,0,,,,Night's Watch,
998,Elinor Tyrell,,0,,,,House Tyrell,19
999,Elmar Frey,,1,,,,House Frey,15
1000,Elwood,,0,,,,House Tully,
1001,Elwood Meadows,Grassy Vale,1,Reach,,,House Meadows,27
1002,Elyana Vypren,,0,,,,House Vypren,41
1003,Elyn Norridge,,0,,,,House Norridge,
1004,Emberlei Frey,,0,,,,House Frey,9
1005,Endrew Tarth,Ser,1,,,,House Tarth,
1006,Eroeh,,0,Lhazareen,,,,
1007,Eon Hunter,Longbow Hall,1,,,,House Hunter,
1008,Ermesande Hayford,Hayford,0,,,,House Hayford,7
1009,Erena Glover,,0,Northmen,,,House Glover,8
1010,Erren Florent,Ser,1,,,,House Florent,
1011,Eustace Brune,Dyre Den,1,,,,House Brune of the Dyre Den,
1012,Eustace Hunter,Ser,0,,,,House Hunter,
1013,Eyron Stark,King in the North,1,Northmen,,,House Stark,
1014,Ferrego Antaryon,Sealord,1,Braavosi,,,,
1015,Forley Prester,Ser,1,,,,House Prester,
1016,Franklyn Fowler,Skyreach,1,Dornishmen,,,House Fowler,
1017,Flement Brax,Ser,1,,,,House Brax,
1018,Frenken,Maester,0,,,,,
1019,Franklyn Frey,Ser,1,Rivermen,,,House Frey,
1020,Gareth Clifton,Ser,1,,,,House Clifton,
1021,Garrison Prester,Feastfires,1,,,,House Prester,
1022,Garth of Greenaway,,1,,,,Night's Watch,
1023,Garrett Flowers,,0,,,,House Tyrell,
1024,Garse Goodbrook,Ser,1,,,,House Goodbrook,
1025,Garse Flowers,,1,,,,House Tyrell,
1026,Garth Greenfield,Knight,0,Westerman,,,House Greenfield,
1027,Garth Greyfeather,,1,,,,Night's Watch,
1028,Gawen Swann,Stonehelm,1,,,,House Swann,100
1029,Gawen Glover,,1,Northmen,,,House Glover,10
1030,Gawen Wylde,Ser,1,,,,House Wylde,
1031,Garth Tyrell,Lord Seneschal,1,,,,House Tyrell,
1032,Gendel,King-Beyond-the-Wall,1,Free Folk,,,,
1033,Gawen Westerling,Crag,1,Westermen,,,House Westerling,
1034,Gerald Gower,Ser,0,,,,House Gower,
1035,Gerold Grafton,Gulltown,1,,,,House Grafton,
1036,Gerardys,Grand Maester,1,,,,Blacks,
1037,Gilbert Farring,Ser,1,,,,House Farring,
1038,Glendon Hewett,Ser,1,,,,House Hewett,
1039,Gilwood Hunter,Ser,1,,,,House Hunter,55
1040,Godric Borrell,Sweetsister,1,Sistermen,,,House Borrell,
1041,Goodwin,Ser,1,,,,House Tarth,
1042,Gormon Peake,Starpike,1,,,,House Peake,
1043,Gorne,King-Beyond-the-Wall,1,Free Folk,,,,
1044,Gormon Tyrell,Maester,1,,,,Citadel,
1045,Grazdan mo Eraz,,0,Ghiscari,,,Wise Masters,
1046,Grazdan mo Ullhor,Good Master,1,Astapori,,,Good Masters,
1047,Grazdar zo Galare,Cupbearer,1,Ghiscari,,,House of Galare,
1048,Grubbs,,0,,,,Night's Watch,
1049,Gueren,,1,,,,Night's Watch,
1050,Guncer Sunglass,Sweetport Sound,1,,,,House Sunglass,
1051,Gulian Swann,Stonehelm,1,,,,House Swann,46
1052,Guthor Grimm,Lord of Greyshield,1,,,,House Grimm,
1053,Gunthor Hightower,Ser,0,,,,House Hightower,
1054,Gyldayn,Archmaester,1,,,,The Citadel,
1055,Gwayne Hightower,Ser,1,,,,House Hightower,42
1056,Hairy Hal,,0,,,,Night's Watch,
1057,Hake,,1,,,,Night's Watch,
1058,Halder,,1,,,,Night's Watch,24
1059,Hallis Mollen,Winterfell,1,Northmen,,,House Mollen,
1060,Halmon Paege,Ser,1,,,,House Paege,
1061,Harbert,Ser,1,,,,House Baratheon,
1062,Harlan Hunter,Ser,1,,,,House Hunter,
1063,Harlen Tyrell,High Steward of Highgarden,1,Reach,,,House Tyrell,
1064,Harmond Umber,Last Hearth,0,Northmen,,,House Umber,
1065,Harmune,Maester,1,,,,Night's Watch,
1066,Harrold Westerling,Ser,1,Westermen,,,House Westerling,
1067,Harwood Fell,Felwood,1,,,,House Fell,
1068,Harwin Strong,Ser,1,,,,House Strong,30
1069,Harwood Stout,Goldgrass,1,Northmen,,,House Stout,
1070,Harys Haigh,Ser,1,,,,House Haigh,51
1071,Helman Tallhart,Ser,1,Northmen,,,House Tallhart,
1072,Lord Commander Hoare,Lord Commander of the Night's Watch,1,,,,House Hoare,
1073,Hobber Redwyne,Ser,1,Reach,,,House Redwyne,
1074,Hoarfrost Umber,Last Hearth,1,Northmen,,,House Umber,
1075,Hosman Norcross,Ser,1,,,,House Norcross,
1076,Hoster Frey,,1,,,,House Frey,18
1077,Horas Redwyne,Ser,1,Reach,,,House Redwyne,
1078,Hubard Rambton,Ser,1,,,,House Rambton,
1079,Horton Redfort,Redfort,1,Valemen,,,House Redfort,
1080,Hotho Harlaw,Tower of Glimmering,1,Ironborn,,,House Harlaw of the Tower of Glimmering,
1081,Hugo Wull,Big BucketThe Wull,1,Northern mountain clans,,,House Wull,
1082,Hugor of the Hill,King of the Andals,1,Andals,,,,
1083,Hugo Vance,Ser,1,,,,House Vance of Atranta,
1084,Hullen,Winterfell,1,Northmen,,,House Stark,
1085,Humfrey Beesbury,Ser,1,,,,House Beesbury,
1086,Humfrey Hardyng,Ser,1,,,,House Hardyng,
1087,Humfrey Swyft,Ser,0,,,,House Swyft,
1088,Humfrey Wagstaff,Ser,0,,,,House Wagstaff,75
1089,Igon Vyrwel,,0,,,,House Vyrwel,
1090,Jacks,,0,northmen,,,House Stark,
1091,Janei Lannister,,0,,,,House Lannister,9
1092,Jammos Frey,Ser,1,,,,House Frey,39
1093,Janna Tyrell,,0,,,,House Tyrell,
1094,Jaremy Rykker,First Ranger,1,,,,Night's Watch,
1095,Jarl,,1,Free Folk,,,,
1096,Jason Lannister,Ser,1,,,,House Lannister,
1097,Jasper Arryn,Eyrie,1,,,,House Arryn,
1098,Jasper Redfort,Ser,0,Valemen,,,House Redfort,
1099,Jeren,,1,,,,Night's Watch,
1100,Jeyne Arryn,Eyrie,0,Vale,,,House Arryn,
1101,Jeyne Beesbury,,0,,,,House Beesbury,
1102,Jeyne Darry,,1,Westeros,,,House Darry,
1103,Jeyne Goodbrook,,0,,,,House Goodbrook,12
1104,Jeyne Rivers,,0,,,,House Frey,
1105,Jeyne Lydden,,0,,,,House Lydden,
1106,Joffrey Lonmouth,Ser,1,,,,House Lonmouth,15
1107,Joffrey Caswell,Bitterbridge,1,,,,House Caswell,100
1108,Jon Bettley,Ser,0,,,,House Bettley,
1109,Jon Brax,,0,,,,House Brax,9
1110,Jon Lynderly,Lord of the Snakewood,0,,,,House Lynderly,
1111,Jon Myre,,0,Ironborn,,,House Myre,
1112,Jon Redfort,Ser,0,Valemen,,,House Redfort,
1113,Jon Wylde,Ser,1,,,,House Wylde,
1114,Jonos Stark,King in the North,1,Northmen,,,House Stark,
1115,Jonos Frey,,0,,,,House Frey,14
1116,Jonnel Stark,Winterfell,1,,,,House Stark,
1117,Joramun,King-Beyond-the-Wall,1,Free Folk,,,,
1118,Jorah Stark,King in the North,1,Northmen,,,House Stark,
1119,Jonothor Darry,Ser,1,,,,House Darry,
1120,Jorelle Mormont,,0,Northmen,,,House Mormont,27
1121,Jyana,,0,Crannogmen,,,House Reed,
1122,Joy Hill,,0,,,,House Lannister,17
1123,Jyanna Frey,,0,,,,House Frey,
1124,Kaeth,Grand Maester,1,,,,,82
1125,Jynessa Blackmont,,0,Dornish,,,House Blackmont,
1126,Karlon Stark,Karl's Hold,1,Northmen,,,House Stark,
1127,Kedge Whiteye,,1,,,,Night's Watch,54
1128,Kennos of Kayce,Ser,1,,,,House Kenning of Kayce,
1129,Kezmya,Cupbearer,0,Ghiscari,,,House of Pahl,
1130,Kyra,,1,,,,House Stark,20
1131,Kyra Frey,,0,,,,House Frey,43
1132,Lambert Turnberry,Ser,1,,,,House Turnberry,
1133,Lark,,1,Sistermen,,,Night's Watch,
1134,Larence Snow,,1,Northmen,,,House Hornwood,19
1135,Larra Blackmont,Blackmont,0,Dornish,,,House Blackmont,
1136,Lanna Lannister,,0,,,,House Lannister,
1137,Leathers,Master-at-Arms,1,Wildling,,,Night's Watch,46
1138,Left Hand Lew,,1,,,,Night's Watch,
1139,Leo Lefford,Golden Tooth,1,,,,House Lefford,
1140,Leo Blackbar,Ser,1,,,,House Blackbar,
1141,Leona Woolfield,,0,,,,House Woolfield,
1142,Leonette Fossoway,Lady,0,,,,House Fossoway,
1143,Leonella Lefford,,0,,,,House Lefford,
1144,Lester Morrigen,Lord of Crows Nest,0,,,,House Morrigen,
1145,Lewys the Fishwife,,0,,,,House Baratheon of Dragonstone,
1146,Lewys Lydden,Lord of the Deep Den,0,,,,House Lydden,
1147,Leslyn Haigh,Ser,0,,,,House Haigh,
1148,Lomas Estermont,Ser,0,Stormlands,,,House Estermont,
1149,Lorent Marbrand,Ser,1,Westerman,,,House Marbrand,
1150,Loreza Sand,,0,Dorne,,,House Martell,12
1151,Lothar Mallery,Lord,0,,,,House Mallery,
1152,Lucas Corbray,Ser,0,,,,House Corbray,
1153,Lucas Codd,,0,Ironborn,,,House Codd,
1154,Luceon Frey,Septon,1,,,,Faith of the Seven,56
1155,Lucias Vypren,Lord,1,,,,House Vypren,
1156,Lucos Chyttering,Lord,1,,,,House Chyttering,22
1157,Lucion Lannister,Ser,0,,,,House Lannister,
1158,Luthor Tyrell,Lord Paramount of the Mander,1,Reach,,,House Tyrell,
1159,Lyanna Mormont,,1,Northmen,,,House Mormont,15
1160,Lyessa Flint,Widow's Watch,0,Northmen,,,House Flint of Widow's Watch,
1161,Lyman Beesbury,Master of coin,1,,,,House Beesbury,81
1162,Lymond Goodbrook,Lord,1,,,,House Goodbrook,
1163,Lyman Darry,Lord of Darry,0,,,,House Darry,9
1164,Lymond Lychester,Castle Lychester,1,Rivermen,,,House Lychester,
1165,Lymond Vikary,Ser,1,,,,House Vikary,
1166,Lyonel Selmy,Ser,1,,,,House Selmy,
1167,Aggo,,0,Dothraki,,,House Targaryen,
1168,Alys Karstark,,0,Northmen,,,House Karstark,21
1169,Cleos Frey,Ser,1,,,,House Frey,41
1170,Dontos Hollard,Ser,1,,,,House Hollard,39
1171,Craster,,1,Free Folk,,,,
1172,Dale Seaworth,Wraith,1,,,,House Seaworth,
1173,Denys Mallister,Ser,1,,,,House Mallister,60
1174,Edric Storm,,1,,,,House Baratheon,18
1175,Hosteen Frey,Ser,1,,,,House Frey,56
1176,Lyonel Corbray,Heart's Home,1,,,,House Corbray,45
1177,Lyonel Frey,Ser,0,,,,House Frey of Riverrun,46
1178,Lyonel Strong,Harrenhal,1,,,,House Strong,
1179,Lythene Frey,,0,,,,House Frey,54
1180,Lyra Mormont,,0,Northmen,,,House Mormont,28
1181,Maegelle Frey,,0,,,,House Frey,56
1182,Mallador Locke,Ser,1,,,,Night's Watch,
1183,Malwyn Frey,,1,,,,House Frey,21
1184,Manfrey Martell,Ser,0,Dornishmen,,,House Martell,
1185,Margot Lannister,Starpike,0,,,,House Lannister,
1186,Maric Seaworth,Oarmaster,1,,,,House Seaworth,
1187,Marianne Vance,,0,,,,House Vance,43
1188,Mariya Darry,,0,,,,House Darry,
1189,Marissa Frey,,0,,,,House Frey,19
1190,Maron Martell,Prince of Dorne,1,Dornish,,,House Martell,
1191,Maron Volmark,Volmark,1,Ironborn,,,House Volmark,22
1192,Marq Rankenfell,Lord Commander of the Night's Watch,1,,,,Night's Watch,
1193,Marsella Waynwood,,0,,,,House Waynwood,
1194,Matarys Targaryen,Prince,1,,,,House Targaryen,25
1195,Martyn Rivers,,0,,,,House Frey,
1196,Martyn Lannister,,1,,,,House Lannister,20
1197,Marwyn Belmore,Ser,1,,,,House Belmore,
1198,Mathis Frey,,0,,,,House Frey,11
1199,Matthar,,1,,,,Night's Watch,
1200,Mawney,,1,,,,Night's Watch,
1201,Medgar Tully,Lord Paramount of the Trident,1,Rivermen,,,House Tully,
1202,Medger Cerwyn,Cerwyn,1,Northmen,,,House Cerwyn,
1203,Megga Tyrell,,0,,,,House Tyrell,19
1204,Meldred Merlyn,Lord of Pebbleton,0,Ironborn,,,House Merlyn,
1205,Melesa Crakehall,,0,,,,House Crakehall,
1206,Melara Crane,,0,,,,House Crane,
1207,Melessa Florent,,0,,,,House Florent,
1208,Mellara Rivers,,0,,,,House Frey,
1209,Melwyn Sarsfield,Ser,1,,,,House Sarsfield,
1210,Melwys Rivers,Maester,0,,,,,
1211,Meredyth Crane,,0,,,,House Crane,
1212,Merianne Frey,,0,,,,House Frey,17
1213,Merlon Crakehall,Ser,1,,,,House Crakehall,
1214,Mezzara,Cupbearer,1,Ghiscari,,,House of Merreq,
1215,Mina Tyrell,,0,,,,House Tyrell,
1216,Moelle,Septa,0,,,,Faith of the Seven,
1217,Monterys Velaryon,Lord of the Tides,1,,,,House Velaryon,12
1218,Moredo Prestayn,Tradesman-Captain,1,Braavosi,,,,
1219,Monford Velaryon,Lord of the Tides,1,Valyrian,,,House Velaryon,
1220,Moribald Chester,Greenshield,0,,,,House Chester,
1221,Morton Waynwood,Ser,1,,,,House Waynwood,
1222,Morya Frey,Lady,0,,,,House Frey,37
1223,Mullin,Maester,0,,,,Night's Watch,
1224,Moryn Tyrell,,1,,,,House Tyrell,
1225,Munda,,1,Free Folk,,,,
1226,Muttering Bill,,1,,,,Night's Watch,
1227,Mushroom,,1,,,,House Targaryen,
1228,Murmison,Septon,1,,,,Faith of the Seven,
1229,Mylenda Caron,,1,,,,House Caron,47
1230,Myles Smallwood,Hand of the King,1,,,,House Smallwood,
1231,Myles Mooton,Ser,1,,,,House Mooton,
1232,Myria Jordayne,,1,Dornish,,,House Jordayne,
1233,Myles Manwoody,Ser,1,,,,House Manwoody,
1234,Mysaria,Mistress of whisperers,0,Lysene,,,,
1235,Myrielle Lannister,,0,,,,House Lannister,
1236,Noho Dimittis,,1,Braavosi,,,Iron Bank of Braavos,
1237,Norne Goodbrother,Shatterstone,0,Ironborn,,,House Goodbrother of Shatterstone,
1238,Norbert Vance,Lord of Atranta,1,,,,House Vance of Atranta,
1239,Nymella Toland,Ghost Hill,0,Dornish,,,House Toland,
1240,Nysterica,Septa,0,,,,,
1241,Ollidor,Septon,1,,,,Faith of the Seven,
1242,Ollo Lophand,,1,Tyroshi,,,Night's Watch,
1243,Olyvar Frey,,1,,,,House Frey,24
1244,Omer Blackberry,,0,,,,House Blackberry,
1245,Olymer Tyrell,Ser,1,,,,House Tyrell,
1246,Ondrew Locke,Lord of Oldcastle,1,Northmen,,,House Locke,
1247,Orbert Caswell,Lord Commander of the Night's Watch,1,,,,House Caswell,
1248,Ordello,Magister of Pentos,0,Pentoshi,,,,
1249,Omer Florent,Maester,0,,,,,
1250,Orland of Oldtown,,1,,,,House Baratheon of King's Landing,
1251,Ormond Yronwood,Yronwood,0,,,,House Yronwood,
1252,Orphan Oss,,0,,,,Night's Watch,
1253,Osbert Serry,Lord of Southshield,0,,,,House Serry,
1254,Osmund Frey,,0,,,,House Frey,8
1255,Oswell Kettleblack,,1,,,,House Kettleblack,
1256,Ossifer Plumm,Lord,1,,,,House Plumm,
1257,Otho Bracken,Ser,1,,,,House Bracken,
1258,Ottyn Wythers,Ser,0,,,,House Wythers,69
1259,Owen Norrey,,0,Northern mountain clans,,,House Norrey,
1260,Pate of the Blue Fork,Ser,1,,,,House Frey,
1261,Patrek Mallister,,1,,,,House Mallister,
1262,Patrek Vance,,0,,,,House Vance,41
1263,Perriane Frey,,0,,,,House Haigh,64
1264,Perra Frey,,0,,,,House Frey,11
1265,Perwyn Frey,Ser,1,,,,House Frey,36
1266,Philip Foote,Ser,1,,,,House Foote,
1267,Philip Plumm,Lord,1,,,,House Plumm,
1268,Pono,KhalKo (formerly),0,Dothraki,,,,
1269,Qarro Volentin,First Sword of Braavos,0,Braavosi,,,,
1270,Qarlton Chelsted,Master of Coin,1,,,,House Chelsted,
1271,Lord Commander Qorgyle,Lord Commander of the Night's Watch,1,,,,House Qorgyle,
1272,Quent,,1,northmen,,,House Stark,
1273,Quenten Banefort,Banefort,1,,,,House Banefort,
1274,Quenton Hightower,Hightower,1,,,,House Hightower,
1275,Quentyn Ball,Ser,1,,,,House Ball,
1276,Quentyn Qorgyle,Sandstone,0,,,,House Qorgyle,
1277,Quincy Cox,Serthe Knight of Saltpans,1,,,,House Cox,
1278,Ragwyle,,0,Free folk,,,,
1279,Ralf Kenning,CastellanCommander,1,Ironborn,,,House Kenning of Harlaw,
1280,Raymun Redbeard,King-Beyond-the-Wall,1,free folk,,,,
1281,Raynard,Septon,1,,,,Faith of the Seven,
1282,Raynald Westerling,Ser,1,,,,House Westerling,
1283,Red Alyn of the Rosewood,,1,,,,Night's Watch,
1284,Raynard Ruttiger,Ser,0,,,,House Ruttiger,
1285,Raymund Frey,Ser,1,,,,House Frey,41
1286,Regenard Estren,Wyndhall,0,,,,House Estren,
1287,Renly Norcross,,1,,,,House Norcross,9
1288,Renfred Rykker,Duskendale,1,,,,House Rykker,
1289,Rhea Royce,Runestone,0,,,,House Royce,
1290,Rennifer Longwaters,Chief Undergaoler,1,,,,House Longwaters,
1291,Rhea Florent,,0,,,,House Florent,
1292,Rhogoro,Khalakka,1,Dothraki,,,,
1293,Rickard Ryswell,,1,Northmen,,,House Ryswell,
1294,Rickard Thorne,Ser,1,,,,House Thorne,
1295,Rickard Wylde,,0,,,,House Wylde,10
1296,Robert Frey,,0,,,,House Frey,19
1297,Robert Flowers,Ser,1,,,,Kingsguard,
1298,Robert Brax,Ser,0,,,,House Brax,
1299,Robin Hill,Lord Commander of the Night's Watch,1,,,,Night's Watch,
1300,Robin Flint,Lord of Flint's Finger,0,,,,House Flint of Widow's Watch,
1301,Robin Moreland,Lord,1,,,,House Moreland,
1302,Robin Ryger,Ser,1,,,,House Ryger,68
1303,Rodrik Flint,Lord Commander of the Night's Watch,1,,,,House Flint,
1304,Rodrik Stark,King in the North,1,Northmen,,,House Stark,
1305,Rodrik Ryswell,Rills,1,Northmen,,,House Ryswell,
1306,Roger Hogg,Ser,1,,,,House Hogg,
1307,Rodwell Stark,Winterfell,1,Northmen,,,House Stark,
1308,Rolland Longthorpe,Longsister,0,,,,House Longthorpe,
1309,Rolland Uffering,Ser,1,,,,House Uffering,
1310,Ronel Rivers,,0,,,,House Frey,
1311,Ronald Connington,Knight of Griffin's Roost,1,,,,House Connington,
1312,Ronald Vance,Ser,1,,,,House Vance of Atranta,
1313,Roro Uhoris,Cobblecat,1,Tyroshi,,,,
1314,Royce Coldwater,Coldwater Burn,0,,,,House Coldwater,
1315,Rufus Leek,Ser,0,,,,House Leek,
1316,Rugen,Undergaoler,1,,,,,
1317,Runcel Hightower,Lord Commander of the Night's Watch,1,,,,House Hightower,
1318,Rupert Brax,Ser,1,,,,House Brax,
1319,Rycherd Crane,Ser,0,,,,House Crane,
1320,Ryam Redwyne,Ser,1,,,,House Redwyne,
1321,Ryam Florent,Ser,1,,,,House Florent,
1322,Ryger Rivers,,1,,,,House Frey,
1323,Ryella Frey,,0,,,,House Frey,11
1324,Ryella Royce,,0,,,,House Royce,
1325,Rylene Florent,,0,,,,House Florent,
1326,Ryon Allyrion,Ser,1,Dornish,,,House Allyrion,
1327,Saera Targaryen,Princess,1,Valyrian,,,House Targaryen,100
1328,Sallei Paege,,0,,,,House Paege,
1329,Sandor Frey,,0,,,,House Frey,18
1330,Sarya Whent,Lady,0,,,,House Whent,
1331,Sarra Frey,,0,,,,House Frey,20
1332,Sawane Botley,Lordsport,1,Ironborn,,,House Botley,
1333,Scolera,Septa,0,,,,Faith of the Seven,
1334,Sebaston Farman,Fair Isle,1,Westerman,,,House Farman,
1335,Selwyn Tarth,,1,,,,House Tarth,60
1336,Selmond Stackspear,Lord,0,,,,House Stackspear,
1337,Serala,Duskendale,0,Myrish,,,House Darklyn,
1338,Serwyn of the Mirror Shield,Ser,1,,,,Kingsguard,
1339,Serra Frey,,0,,,,House Frey,20
1340,Shella Whent,Harrenhal,0,Rivermen,,,House Whent,
1341,Shierle Swyft,,0,,,,House Swyft,
1342,Shiera Crakehall,,0,,,,House Crakehall,
1343,Shirei Frey,,0,,,,House Frey,13
1344,Simon Staunton,Ser,1,,,,House Staunton,
1345,Sigfryd Harlaw,Master of Harlaw Hall,1,Ironborn,,,House Harlaw of Harlaw Hall,
1346,Lord Staunton,Rook's Rest,1,,,,House Staunton,
1347,Stannis Seaworth,,1,,,,House Seaworth,16
1348,Steffon Seaworth,,1,,,,House Seaworth,12
1349,Steffon Frey,,0,,,,House Frey,42
1350,Steffon Swyft,Ser,1,,,,House Swyft,
1351,Steffon Darklyn,Ser,0,,,,House Darklyn,
1352,Steffon Stackspear,Ser,0,,,,House Stackspear,
1353,Sumner Crakehall,Crakehall,1,,,,House Crakehall,
1354,Sylas Flatnose,King of the Iron Islands,1,Ironborn,,,,
1355,Sybell Spicer,Crag,0,,,,House Spicer,
1356,Symon Santagar,Ser,1,,,,House Santagar,
1357,Sybelle Glover,Deepwood Motte,0,Northmen,,,House Locke,
1358,Sylwa Paege,,0,,,,House Paege,
1359,Symon Hollard,Ser,1,,,,House Hollard,
1360,Symond Templeton,Ser,0,,,,House Templeton,
1361,Symond Frey,,1,,,,House Frey,48
1362,Tallad,Ser,1,,,,House Baratheon of King's Landing,
1363,Tanton Fossoway,Ser,0,,,,House Fossoway of Cider Hall,
1364,Ternesio Terys,Captain,1,Braavosi,,,,
1365,Terrence Kenning,Kayce,0,,,,House Kenning of Kayce,
1366,Theodan Wells,Ser,0,Northmen,,,House Wells,
1367,Terrence Toyne,Ser,1,,,,House Toyne,
1368,Theodore Tyrell,Ser,1,,,,House Tyrell,
1369,Theomar Smallwood,Acorn Hall,1,,,,House Smallwood,
1370,Theomore Harlaw,Lord of the Ten TowersLord Harlaw of HarlawHarlaw of Harlaw,1,,,,House Harlaw,
1371,Tim Tangletongue,,0,,,,Night's Watch,
1372,Three-Tooth,Ten Towers,0,Ironborn,,,House Harlaw,
1373,Titus Peake,Starpike,1,,,,House Peake,
1374,Tion Frey,,1,,,,,20
1375,Todder,,1,,,,Night's Watch,
1376,Tomard,,1,northmen,,,House Stark,49
1377,Tommen Costayne,Three Towers,0,,,,House Costayne,
1378,Torbert,Septon,1,,,,Faith of the Seven,
1379,Torren Liddle,The LiddleLord Liddle,0,Northern mountain clans,,,House Liddle,
1380,Torwynd,,1,Free Folk,,,,
1381,Trebor Jordayne,Lord of the Tor,0,,,,House Jordayne,
1382,Tremond Gargalen,Salt Shore,0,Dornish,,,House Gargalen,
1383,Tristan Mudd,Lord Commander of the Night's Watch,1,,,,House Mudd,
1384,Triston of Tally Hill,Ser,0,,,,House Sunglass,
1385,Triston Farwynd,Sealskin Point,0,Ironborn,,,House Farwynd,
1386,Triston Sunderland,Three Sisters,1,,,,House Sunderland,
1387,Tybolt Hetherspoon,Ser,1,,,,House Hetherspoon,
1388,Tybolt Crakehall,Ser,1,,,,House Crakehall,
1389,Tybolt Lannister,Ser,1,Westerman,,,House Lannister,
1390,Tyana Wylde,,0,,,,House Wylde,
1391,Tyta Frey,,0,,,,House Frey,36
1392,Tyrek Lannister,,1,,,,House Lannister,13
1393,Tysane Frey,,0,,,,House Frey,13
1394,Tytos Brax,Ser,1,,,,House Brax,
1395,Tytos Frey,Ser,1,,,,House Frey,38
1396,Tywin Frey,Ser,1,,,,House Frey,18
1397,Ulrick Dayne,Ser,1,Dornish,,,House Dayne,
1398,Ulwyck Uller,Ser,1,,,,House Uller,
1399,Unella,Septa,0,,,,Faith of the Seven,
1400,Utherydes Wayn,Steward,0,,,,House Wayn,68
1401,Uthor Tollett,Grey Glen,0,Valemen,,,House Tollett,
1402,Vaemond Velaryon,Ser,1,Valyrian,,,House Velaryon,
1403,Valaena Velaryon,Dragonstone,0,Valyrian,,,House Velaryon,
1404,Vayon Poole,Winterfell,1,,,,House Poole,
1405,Vickon Greyjoy,Lord Reaper of Pyke,0,,,,House Greyjoy,
1406,Viserys Plumm,Lord,0,,,,House Plumm,100
1407,Vylarr,Captain of the guard,1,,,,House Lannister,
1408,Vortimer Crane,Ser,0,,,,House Crane,
1409,Walda Rivers,,0,,,,House Frey,11
1410,Walder Haigh,,0,,,,House Haigh,11
1411,Walder Brax,,0,,,,House Brax,12
1412,Walder Goodbrook,,1,,,,House Goodbrook,15
1413,Waldon Wynch,Lord of Iron Holt,1,Ironborn,,,House Wynch,
1414,Wallace Waynwood,Ser,1,,,,House Waynwood,
1415,Walgrave,Archmaester,1,,,,Maesters,
1416,Walder Vance,,1,,,,House Vance,42
1417,Walton Stark,King in the North,1,,,,House Stark,
1418,Walton Frey,,1,,,,House Frey,56
1419,Warryn Beesbury,Lord of Honeyholt,0,,,,House Beesbury,
1420,Waltyr Frey,,1,,,,House Frey,16
1421,Wendel Frey,,1,,,,House Frey,19
1422,Whalen Frey,Ser,1,,,,House Frey,38
1423,Willamen Frey,Maester,1,,,,,33
1424,Willam Wells,Ser,1,Dornish,,,House Wells,
1425,Willem Darry,Ser,1,,,,House Darry,
1426,Willam Wythers,Ser,1,,,,House Wythers,
1427,Willem Lannister,,1,,,,House Lannister,14
1428,Willem Frey,,1,,,,House Frey,16
1429,Willam Stark,Winterfell,1,Northmen,,,House Stark,
1430,William Mooton,Maidenpool,1,,,,House Mooton,
1431,Wynton Stout,Ser,1,Northmen,,,House Stout,86
1432,Wynafrei Whent,,0,,,,House Whent,
1433,Ysilla Royce,,1,Valemen,,,House Royce,
1434,Zachery Frey,,1,,,,House Frey,18
1435,Zhoe Blanetree,,0,,,,House Blanetree,
1436,Zia Frey,,0,,,,House Frey,20
1437,Addam Marbrand,Ser,1,,,,House Marbrand,
1438,Aegor Rivers,Ser,1,,,,House Bracken,69
1439,Aenys Frey,Ser,1,,,,House Frey,60
1440,Aerion Targaryen,Prince,1,Valyrian,,,House Targaryen,41
1441,Aemond Targaryen,Protector of the Realm,1,Valyrian,,,House Targaryen,20
1442,Amerei Frey,Lady of Darry,0,,,,House Frey,23
1443,Androw Ashford,Ser,1,Reach,,,House Ashford,
1444,Anders Yronwood,Yronwood,1,,,,House Yronwood,
1445,Arnolf Karstark,Karhold,1,Northmen,,,House Karstark,
1446,Arya Stark,Princess,0,Northmen,,,House Stark,16
1447,Axell Florent,Ser,1,,,,House Florent,
1448,Aurane Waters,master of ships,1,Valyrian,,,House Velaryon,28
1449,Ben Plumm,Commander of the Second Sons,1,,,,Second Sons,
1450,Benfred Tallhart,,1,Northmen,,,House Tallhart,18
1451,Boros Blount,Ser,1,,,,House Blount,
1452,Black Balaq,,1,Summer Islander,,,Golden Company,
1453,Bloodbeard,,0,,,,Company of the Cat,
1454,Bran Stark,Prince of Winterfell,1,Northmen,,,House Stark,15
1455,Bronn,Ser,1,,,,House Stokeworth,41
1456,Bryce Caron,Nightsong,1,,,,House Caron,
1457,Butterbumps,,1,,,,House Tyrell,
1458,Cassana Estermont,,1,,,,House Estermont,
1459,Chett,,1,,,,Night's Watch,
1460,Clayton Suggs,Ser,1,,,,House Suggs,
1461,Cersei Lannister,Light of the West,0,Westerlands,,,House Lannister,39
1462,Chiswyck,,0,,,,House Clegane,
1463,Cleon,King of Astapor,1,Astapori,,,,
1464,Cohollo,Bloodrider,1,Dothraki,,,Khal,
1465,Cortnay Penrose,Ser,1,,,,House Penrose,
1466,Cotter Pyke,Eastwatch-by-the-Sea,1,Ironborn,,,Night's Watch,
1467,Cragorn,,1,,,,House Greyjoy,
1468,Crawn,,1,Vale mountain clans,,,Moon Brothers,
1469,Creighton Longbough,Ser,1,,,,,65
1470,Cressen,Maester,1,,,,,80
1471,Daario Naharis,,1,Tyroshi,,,Stormcrows,
1472,Dagmer,Foamdrinker,1,Ironborn,,,House Greyjoy,
1473,Dagos Manwoody,Lord of Kingsgrave,1,,,,House Manwoody,
1474,Danelle Lothston,Harrenhal,0,,,,House Lothston,
1475,Dalla,,0,Free Folk,,,,
1476,Doran Martell,Prince of Dorne,1,Dornish,,,House Nymeros Martell,58
1477,Ebrose,Archmaester,1,,,,,
1478,Eddison Tollett,,1,Valemen,,,House Tollett,
1479,Edric Dayne,Lord of Starfall,1,Dornishmen,,,House Dayne,18
1480,Edwyn Frey,,1,,,,House Frey,46
1481,Eldon Estermont,Ser,1,Stormlands,,,House Estermont,77
1482,Ellaria Sand,,0,Dornish,,,House Uller,
1483,Ethan Glover,,1,Northmen,,,House Glover,
1484,Emmon Frey,Riverrun,1,,,,House Frey of Riverrun,68
1485,Galbart Glover,Master of Deepwood Motte,1,Northmen,,,House Glover,
1486,Gerold Hightower,Ser,1,,,,House Hightower,
1487,Ghost of High Heart,,0,,,,,
1488,Gerris Drinkwater,Ser,1,Dornish,,,House Drinkwater,30
1489,Gilly,,0,Free Folk,,,,23
1490,Greydon Goodbrother,,1,Ironborn,,,House Goodbrother,
1491,Harmen Uller,Lord of Hellholt,1,,,,House Uller,
1492,Gyles Rosby,Master of Coin,1,,,,House Rosby,
1493,Harren Hoare,,1,Ironborn,,Halleck Hoare,,
1494,Harras Harlaw,Ser,1,Ironborn,,,House Harlaw of Grey Garden,
1495,Harrold Hardyng,Ser,1,Valemen,,,House Hardyng,24
1496,Helaena Targaryen,Queen,0,,,,House Targaryen,21
1497,Hodor,,1,Northmen,,,House Stark,
1498,Harrion Karstark,Karhold,1,Northmen,,,House Karstark,
1499,Iggo,,1,Dothraki,,,Brave Companions,
1500,Hother Umber,Castellan,1,Northmen,,,House Umber,64
1501,Jalabhar Xho,Red Flower Vale,1,Summer Islands,,,Summer Islands,
1502,Jared Frey,Ser,1,,,,House Frey,52
1503,Jasper Wylde,Rain House,1,,,,House Wylde,
1504,Jhaqo,KhalKo (formerly),0,Dothraki,,,,
1505,Jeyne Lothston,,0,,,,House Lothston,100
1506,Jhiqui,,0,Dothraki,,,House Targaryen,21
1507,Jon Bulwer,Blackcrown,1,,,,House Bulwer,
1508,Jory Cassel,Captain of the guard,1,Northmen,,,House Cassel,
1509,Jorah Mormont,Ser,1,Northmen,,,House Mormont,51
1510,Karyl Vance,Ser,1,,,,House Vance of Wayfarer's Rest,
1511,Khrazz,,1,Ghiscari,,,House of Loraq,23
1512,Kurleket,,1,,,,House Bracken,
1513,Lann the Clever,,1,,,,House Lannister,
1514,Kyle Condon,Ser,1,,,,House Condon,
1515,Lancel Lannister,Ser,1,,,,House Lannister of Casterly Rock,23
1516,Likely Luke,,0,,,,Brotherhood Without Banners,
1517,Lucas Inchfield,Ser,1,,,,House Inchfield,
1518,Lollys Stokeworth,Stokeworth,0,,,,House Stokeworth,40
1519,Lyanna Stark,,1,Northmen,,,House Stark,17
1520,Lyle Crakehall,Ser,1,,,,House Crakehall,
1521,Lucas Blackwood,,1,,,,House Blackwood,
1522,Lyn Corbray,Ser,1,,,,House Corbray,
1523,Lynesse Hightower,,1,,,,House Hightower,
1524,Mace Tyrell,Highgarden,1,,,,House Tyrell,49
1525,Mag Mar Tun Doh Weg,,1,,,,,
1526,Mandon Moore,Ser,1,Valemen,,,House Moore,
1527,Mago,Bloodrider,0,Dothraki,,,,
1528,Maron Botley,,1,,,,House Botley,
1529,Marillion,,1,,,,,21
1530,Marya Seaworth,Lady,0,,,,House Seaworth,
1531,Marwyn,Archmaester,1,,,,,
1532,Masha Heddle,,0,,,,,
1533,Matthos Seaworth,,1,,,,House Seaworth,
1534,Meera Reed,,0,Crannogmen,,,House Reed,22
1535,Melara Hetherspoon,,0,,,,House Hetherspoon,12
1536,Melissa Blackwood,,0,,,,House Blackwood,100
1537,Merrit,,0,,,,Brotherhood without banners,
1538,Meryn Trant,Ser,1,,,,House Trant,
1539,Merrett Frey,,1,Riverlands,,,House Frey,38
1540,Mohor,,1,,,,House Bracken,
1541,Missandei,,0,Naathi,,,House Targaryen,17
1542,Moon Boy,,1,,,,House Baratheon of King's Landing,
1543,Monster,,0,Free Folk,,,,6
1544,Mord,,1,,,,House Arryn,
1545,Minisa Whent,Riverrun,0,Rivermen,,,House Whent,
1546,Mordane,Septa,0,,,,House Stark,
1547,Murenmure,Maester,1,,,,,
1548,Myles,Maester,1,,,,House Martell,
1549,Mors Martell,Sandship,0,Dornish,,,House Martell,
1550,Mya Stone,,0,,,,House Royce of the Gates of the Moon,26
1551,Myrcella Baratheon,Princess,0,,,,House Baratheon of King's Landing,15
1552,Nestor Royce,Keeper of the Gates of the Moon,1,,,,House Royce of the Gates of the Moon,
1553,Nute,Lord of Oakenshield,1,Ironborn,,,House Greyjoy,
1554,Nymeria Sand,,0,Dornishmen,,,House Martell,31
1555,Nymeria,PrincessQueen,0,Rhoynar,,,House Martell,
1556,Oberyn Martell,Ser,1,Dornishmen,,,House Martell,43
1557,Obella Sand,,0,Dornishmen,,,House Martell,18
1558,Olenna Redwyne,Highgarden,0,,,,House Redwyne,77
1559,Mychel Redfort,Ser,1,Valemen,,,House Redfort,
1560,Orwyle,Grand Maester,1,,,,,
1561,Osha,,1,Free folk,,,House Stark,
1562,Osfryd Kettleblack,Ser,1,,,,House Kettleblack,
1563,Osney Kettleblack,Ser,1,,,,House Kettleblack,
1564,Orys Baratheon,Storm's End,1,,,,House Baratheon,
1565,Osmund Kettleblack,Ser,1,,,,House Kettleblack,
1566,Othell Yarwyck,First Builder,1,,,,House Yarwyck,
1567,Oswell Whent,Ser,1,Rivermen,,,House Whent,
1568,Otto Hightower,Ser,1,,,,House Hightower,
1569,Patchface,,1,,,,House Baratheon of Dragonstone,
1570,Paxter Redwyne,Arbor,1,,,,House Redwyne,
1571,Pearse Caron,Nightsong,1,,,,House Caron,
1572,Petyr Frey,,1,,,,House Frey,19
1573,Pia,,0,,,,House Whent,
1574,Podrick Payne,,1,,,,House Payne,19
1575,Preston Greenfield,Ser,1,Westermen,,,House Greenfield,
1576,Polliver,Castellan of Harrenhal,1,,,,House Clegane,
1577,Pyat Pree,Warlock,0,,,,Undying Ones,
1578,Pylos,Maester,1,,,,,32
1579,Pycelle,Grand Maester,1,,,,House Lannister,84
1580,Qhorin Halfhand,,1,,,,Night's Watch,
1581,Qotho,Bloodrider,1,Dothraki,,,,
1582,Quentyn Martell,Ser,1,Dornishmen,,,House Martell,19
1583,Ralf Stonehouse,Red Jester,1,Ironborn,,,House Stonehouse,
1584,Ramsay Snow,Lord of the Hornwood,1,Northmen,,,House Bolton of the Dreadfort,23
1585,Randyll Tarly,Horn Hill,1,,,,House Tarly,
1586,Raymun Fossoway,Ser,1,,,,House Fossoway of New Barrel,
1587,Raymun Darry,Darry,1,,,,House Darry,
1588,Ravella Swann,Acorn Hall,0,,,,House Swann,
1589,Small Paul,,1,,,,Night's Watch,
1590,Tristifer Botley,Lordsport,1,Ironborn,,,House Botley,
1591,Styr,Magnar of Thenn,1,Free Folk,,,Thenn,
1592,Rat Cook,,1,,,,Night's Watch,
1593,Prendahl na Ghezn,,1,Ghiscari,,,Stormcrows,
1594,Ulmer,,1,,,,Kingswood Brotherhood,
1595,Oznak zo Pahl,,1,Meereen,,,House of Pahl,
1596,Aegon Blackfyre,,1,Valyrian,,,House Blackfyre,12
1597,Addam Velaryon,Ser,1,Valyrian,,,House Velaryon,16
1598,Aemon Blackfyre,,1,Valyrian,,,House Blackfyre,12
1599,Aeron Greyjoy,Golden Storm,1,Ironmen,,,House Greyjoy,36
1600,Alfyn,,1,Free Folk,,,,
1601,Alannys Harlaw,Iron Islands,0,Ironborn,,,House Greyjoy,
1602,Alayaya,,0,,,,Chataya's brothel,23
1603,Alyn,,1,,,,House Stark,
1604,Alliser Thorne,Ser,1,,,,House Thorne,
1605,Alester Florent,Brightwater,1,,,,House Florent,
1606,Alysane Mormont,,0,Northmen,,,House Mormont,32
1607,Alerie Hightower,Highgarden,0,,,,House Hightower,48
1608,Anguy,,1,,,,Brotherhood without banners,
1609,Andrik,Lord of Southshield,1,Ironborn,,,House Drumm,
1610,Amory Lorch,Ser,1,,,,House Lorch,
1611,Archibald Yronwood,Ser,1,,,,House Yronwood,
1612,Arlan of Pennytree,Ser,1,,,,,60
1613,Areo Hotah,Sunspear,1,Norvos,,,House Martell,48
1614,Arwyn Oakheart,Old Oak,1,,,,House Oakheart,
1615,Arthur Dayne,Ser,1,Dornishmen,,,House Dayne,
1616,Arys Oakheart,Ser,1,Reach,,,House Oakheart,
1617,Ashara Dayne,,0,,,,House Dayne,
1618,Aron Santagar,Ser,1,Dornish,,,House Santagar,
1619,Asha Greyjoy,Black Wind,0,Ironborn,,,House Greyjoy,30
1620,Azor Ahai,,0,Asshai,,,,
1621,Bael the Bard,King-Beyond-the-Wall,1,Free folk,,,,
1622,Baelor Blacktyde,Blacktyde,1,Ironborn,,,House Blacktyde,
1623,Ballabar,Maester,1,,,,House Redwyne,
1624,Balon Swann,Ser,1,Stormlander,,,House Swann,
1625,Barba Bracken,,0,,,,House Bracken,100
1626,Barristan Selmy,Ser,1,Westeros,,,House Selmy,69
1627,Barbrey Dustin,Barrowton,0,Northmen,,,House Ryswell,
1628,Bellegere Otherys,,0,Braavosi,,,,
1629,Beardless Dick,,0,,,,Brotherhood Without Banners,
1630,Belwas,,1,Meereenese,,,House Targaryen,
1631,Benjen Stark,First Ranger,1,Northmen,,,House Stark,38
1632,Bethany Bracken,,0,,,,House Bracken,22
1633,Biter,,1,,,,Brave Companions,
1634,Bluetooth,,1,Ironborn,,,House Greyjoy,
1635,Brandon Norrey,The NorreyLord Norrey,1,Northern mountain clans,,,House Norrey,
1636,Bowen Marsh,Lord Steward,1,,,,Night's Watch,
1637,Bonifer Hasty,Ser,1,,,,House Hasty,
1638,Bran the Builder,King of Winter,0,First Men,,,House Stark,
1639,Brynden Rivers,Ser,1,Valyrian,,,House Targaryen,77
1640,Brynden Tully,Ser,1,Rivermen,,,House Tully,63
1641,Caleotte,Maester,1,,,,House Martell,
1642,Cassella Vaith,Vaith,0,Dornishmen,,,House Vaith,
1643,Cellador,Septon,1,,,,Night's Watch,
1644,Chella,,0,Vale mountain clans,,,Black Ears,
1645,Cletus Yronwood,Ser,1,,,,House Yronwood,
1646,Colemon,Maester,1,,,,House Arryn,
1647,Corlys Velaryon,Lord of the Tides,1,Valyrian,,,House Velaryon,79
1648,Criston Cole,Ser,1,Stormlands,,,House Cole,48
1649,Daemon I Blackfyre,Ser,1,Valyrian,,,House Blackfyre,26
1650,Daemon Targaryen,Commander of the City Watch,1,Valyrian,,,House Targaryen,49
1651,Daenerys Targaryen,Andals,0,Valyrian,,,House Targaryen,21
1652,Danny Flint,,0,Northmen,,,House Flint,
1653,Daven Lannister,Ser,1,Westerman,,,House Lannister,32
1654,Dick Crabb,,1,,,,House Crabb,
1655,Donal Noye,,1,,,,House Baratheon,56
1656,Domeric Bolton,,1,Northmen,,,House Bolton,18
1657,Davos Seaworth,Ser,1,Westeros,,,House Seaworth,45
1658,Doreah,,0,Lysene,,,House Targaryen,-277980
1659,Dorea Sand,,0,Dornishmen,,,House Martell,14
1660,Dywen,,1,,,,Night's Watch,
1661,Eddard Karstark,,1,Northmen,,,House Karstark,
1662,Eddard Stark,Winterfell,1,Northmen,,,House Stark,36
1663,Elia Sand,,0,Dornishmen,,,House Martell,20
1664,Edmure Tully,Ser,1,Rivermen,,,House Tully,38
1665,Emmon Cuy,Ser,1,,,,House Cuy,
1666,Eleyna Westerling,,0,,,,House Westerling,18
1667,Falena Stokeworth,Harrenhal,1,,,,House Stokeworth,100
1668,Falia Flowers,,0,,,,House Hewett,24
1669,Eustace Osgrey,Knight,1,,,,House Osgrey,
1670,Farlen,,1,,,,House Stark,
1671,Falyse Stokeworth,,0,,,,House Stokeworth,35
1672,Galazza Galare,Green Grace,0,Ghiscari,,,Graces,88
1673,Emmond,,1,Ironborn,,,Drowned men,
1674,Garth Hightower,Ser,0,,,,House Hightower,
1675,Gared,,1,,,,Night's Watch,66
1676,Genna Lannister,Lady,0,,,,,60
1677,Garlan Tyrell,Ser,1,,,,House Tyrell of Brightwater Keep,28
1678,Gerion Lannister,,1,,,,House Lannister,36
1679,Gevin Harlaw,,0,Ironborn,,,House Harlaw,
1680,Gerold Dayne,Ser,1,Dorne,,,House Dayne of High Hermitage,35
1681,Godry Farring,Ser,1,,,,House Farring,
1682,Gorold Goodbrother,Lord of Hammerhorn,1,Ironborn,,,House Goodbrother,
1683,Grenn,,1,Westeros,,,Night's Watch,24
1684,Grey Worm,,1,,,,Unsullied,
1685,Greenbeard,,1,Tyroshi,,,Brotherhood without banners,
1686,Groleo,[1],0,Pentoshi,,,House Targaryen,
1687,Grunt,,1,Northmen,,,House Bolton,
1688,Gregor Clegane,Ser,1,,,,House Clegane,35
1689,Gylbert Farwynd,Lonely Light,1,Ironborn,,,House Farwynd of the Lonely Light,
1690,Guyard Morrigen,Ser,1,,,,House Morrigen,21
1691,Hallyne,LordWisdom,1,,,,Alchemists' Guild,
1692,Haggo,Bloodrider,1,Dothraki,,,,
1693,Hazzea,,0,Ghiscari,,,,5
1694,Harma,,0,Wildlings,,,,
1695,Harry Strickland,Captain-General,1,,,,House Strickland,
1696,Harys Swyft,Knight,1,,,,House Swyft,
1697,Harwin,,0,Northmen,,,House Stark,34
1698,Hobb,,1,,,,Night's Watch,
1699,High Sparrow,High Septon,1,,,,Faith of the Seven,
1700,Hot Pie,,0,,,,,
1701,Howland Reed,Greywater Watch,1,Crannogmen,,,House Reed,45
1702,Holly,,1,Free Folk,,,,17
1703,Hugh,Ser,1,Valemen,,,House Arryn,
1704,Hyle Hunt,Ser,0,,,,House Hunt,
1705,Hoster Tully,Lord Paramount of the Trident,1,Rivermen,,,House Tully,62
1706,Humfrey Hewett,Oakenshield,1,,,,House Hewett,
1707,Ilyn Payne,Ser,1,Westeros,,,House Payne,
1708,Illyrio Mopatis,Magister,1,Pentoshi,,,House Targaryen,
1709,Irri,,0,Dothraki,,,House Targaryen,22
1710,Imry Florent,Ser,1,,,,House Florent,
1711,Jack-Be-Lucky,,1,,,,Brotherhood without banners,
1712,Jacelyn Bywater,Ser,1,,,,House Bywater,
1713,Jaime Lannister,Ser,1,Westerlands,,,House Lannister,39
1714,Jason Mallister,Seagard,1,Riverlands,,,House Mallister,
1715,Jeyne Poole,,0,Northmen,,,House Poole,
1716,Jon Arryn,Eyrie,1,Valemen,,,House Arryn,81
1717,Jon Fossoway,Knight,1,Reach,,,House Fossoway of New Barrel,
1718,Jonos Bracken,Stone Hedge,1,,,,House Bracken,
1719,Justin Massey,Ser,1,,,,House Massey,
1720,Kedry,Maester,1,,,,,
1721,Jon Snow,Lord Commander of the Night's Watch,1,Northmen,,,House Stark,22
1722,Joss Stilwood,,1,,,,House Clegane,
1723,Kevan Lannister,Ser,1,,,,House Lannister,56
1724,Lady of the Leaves,Lady of the Leaves,0,,,,,
1725,Lharys,,1,,,,House Bracken,
1726,Leyton Hightower,Hightower,1,,,,House Hightower,
1727,Larys Strong,Lord of Harrenhal,1,,,,House Strong,100
1728,Lomys,Maester,1,,,,,
1729,Lewyn Martell,Ser,1,Dornish,,,House Martell,
1730,Lothar Frey,Twins,1,Rivermen,,,House Frey,41
1731,Lothor Brune,Ser,1,,,,House Brune of Brownhollow,
1732,Lysa Arryn,Lady of the Vale,0,,,,House Tully,34
1733,Maege Mormont,Lady of Bear Island,0,Northmen,,,House Mormont,66
1734,Mad Huntsman,,1,,,,Brotherhood without banners,
1735,Mark Mullendore,Ser,1,,,,House Mullendore,
1736,Mark Ryswell,Ser,0,Northmen,,,House Ryswell,
1737,Marlon Manderly,Ser,1,,,,House Manderly,
1738,Maron Greyjoy,,1,Ironborn,,,House Greyjoy,14
1739,Martyn Cassel,,0,Northmen,,,House Cassel,
1740,Marq Piper,Ser,1,Rivermen,,,House Piper,
1741,Mathis Rowan,Goldengrove,1,Reach,,,House Rowan,
1742,Meribald,Septon,1,,,,Faith of the Seven,58
1743,Mirri Maz Duur,Godswife,0,Lhazareen,,,,42
1744,Mikken,,1,Northmen,,,House Stark,
1745,Morros Slynt,Lord,1,,,,House Slynt,
1746,Myranda Royce,,0,,,,House Royce of the Gates of the Moon,26
1747,Nettles,,0,,,,Blacks,100
1748,Notch,,0,,,,Brotherhood without Banners,
1749,Obara Sand,,0,Dornish,,,House Martell,34
1750,Ulf the White,Ser,1,,,,Blacks,
1751,Pypar,,1,,,,Night's Watch,
1752,Roose Bolton,Dreadfort,1,Northmen,,,House Bolton,45
1753,Shireen Baratheon,Princess,0,,,,House Baratheon of Dragonstone,16
1754,Smiling Knight,,1,,,,Kingswood Brotherhood,
1755,Renly Baratheon,Lord Paramount of the Stormlands,1,Stormlands,,,House Baratheon,22
1756,Theon Greyjoy,green lands,1,Ironmen,,,House Greyjoy,27
1757,Robyn Rhysling,Ser,1,,,,House Rhysling,
1758,Rodrik Harlaw,Harlaw,1,Ironborn,,,House Harlaw,
1759,Wendamyr,Maester,1,,,,House Greyjoy,
1760,Varamyr,,1,Free Folk,,,,
1761,Robin Potter,Ser,1,,,,House Potter,
1762,Richard Horpe,Ser,1,,,,House Horpe,
1763,Sansa Stark,Princess,0,Northmen,,,House Stark,19
1764,Vargo Hoat,Lord of Harrenhal,1,Qohor,,,Brave Companions,
1765,Jaqen H'ghar,,1,,,,Faceless Men,
1766,Robert Arryn,Eyrie,1,Valemen,,,House Arryn,13
1767,Rakharo,Bloodrider,1,Dothraki,,,House Targaryen,
1768,Rhaella Targaryen,PrincessQueenDowager Queen,1,Valyrian,,,House Targaryen,39
1769,Tywin Lannister,Casterly Rock,1,,,,House Lannister,58
1770,Shagga,,1,Vale mountain clans,,,Stone Crows,
1771,Wyman Manderly,Lord of White Harbor,1,,,,House Manderly,66
1772,Yellow Dick,,1,Westeros,,,House Bolton,
1773,Yoren,,0,Westeros,,,Night's Watch,
1774,Watty,,0,,,,Brotherhood without banners,
1775,Skahaz mo Kandaq,,0,Ghiscari,,,House of Kandaq,
1776,Wylis Manderly,Ser,1,,,,House Manderly,53
1777,Theo Wull,,1,Northern mountain clans,,,House Wull,
1778,Wylla Manderly,,0,,,,House Manderly,21
1779,Willas Tyrell,,1,,,,House Tyrell,35
1780,Wendel Manderly,Ser,1,,,,House Manderly,45
1781,Simon Toyne,,0,,,,House Toyne,
1782,Steffon Baratheon,Storm's End,1,,,,House Baratheon,32
1783,Shagwell,,1,,,,Brave Companions,
1784,Rickard Karstark,Karhold,1,Northmen,,,House Karstark,
1785,Senelle,,1,,,,House Lannister,
1786,Shiera Seastar,,0,Westeros,,,House Targaryen,100
1787,Reznak mo Reznak,Seneschal,1,Ghiscari,,,House of Reznak,
1788,Ronnet Connington,Ser,1,,,,House Connington,31
1789,Tytos Blackwood,Raventree Hall,1,,,,House Blackwood,
1790,Syrio Forel,,0,Braavosi,,,House Stark,
1791,Rodrik Cassel,Ser,1,Northmen,,,House Cassel,
1792,Stevron Frey,Ser,1,,,,House Frey,66
1793,Steely Pate,,1,,,,,
1794,Victaria Tyrell,,0,,,,House Tyrell,
1795,Jon Connington,Lord of Griffin's Roost,1,Stormlands,,,House Connington,42
1796,Rorge,,1,,,,Brave Companions,
1797,Rickard Stark,Winterfell,1,Northmen,,,House Stark,52
1798,Visenya Targaryen,QueenDowager Queen,0,Valyrian,,,House Targaryen,72
1799,Petyr Baelish,Master of coin,1,Valemen,,,House Baelish,37
1800,Viserys Targaryen,Lord of the Seven Kingdoms,1,Valyrian,,,House Targaryen,22
1801,Stygg,,0,,,,House Greyjoy,
1802,Salladhor Saan,Prince of the Narrow Sea,1,Lysene,,,House Baratheon of Dragonstone,
1803,Victarion Greyjoy,Lord Captain of the Iron Fleet,1,Ironborn,,,House Greyjoy,37
1804,Timeon,,1,Dornish,,,Brave Companions,
1805,Tysha,,1,,,,,34
1806,Shae,,0,,,,,20
1807,Spotted Cat,,1,Ghiscari,,,,
1808,Tormund,Ruddy Hall,1,Free Folk,,,,
1809,Rodrik Greyjoy,,1,Ironborn,,,House Greyjoy,15
1810,Tyrion Lannister,Hand of the King,1,,,,House Lannister,32
1811,Josmyn Peckledon,,1,,,,House Peckledon,21
1812,Trystane Martell,Prince,1,Dornish,,,House Martell,18
1813,Rolland Storm,Ser,1,,,,House Caron,
1814,Willam Dustin,Barrowton,1,Northmen,,,House Dustin,
1815,Torrhen Karstark,,1,Northmen,,,House Karstark,
1816,Three Toes,,1,,,,Brave Companions,
1817,Ygritte,,1,Wildling,,,Mance Rayder,19
1818,Tyland Lannister,Ser,1,,,,House Lannister,
1819,Thoren Smallwood,First Ranger,1,,,,Night's Watch,
1820,Rolph Spicer,Ser,0,,,,House Spicer,
1821,Selyse Florent,LadyQueen,0,,,,House Florent,
1822,Tyrion Tanner,,1,,,,House Stokeworth,5
1823,Sandor Clegane,,1,,,,House Clegane,30
1824,Ulf son of Umar,,1,Vale mountain clans,,,Moon Brothers,
1825,Urswyck,,1,,,,Brave Companions,
1826,Clydas,,1,,,,Night's Watch,65
1827,Damion Lannister,SerCastellan of Casterly Rock,1,,,,House Lannister,
1828,Kraznys mo Nakloz,,1,Astapor,,,Good Masters,
1829,Dacey Mormont,,0,Northmen,,,House Mormont,47
1830,Jojen Reed,,1,Crannogmen,,,House Reed,19
1831,Lyonel Baratheon,Ser,1,,,,House Baratheon,
1832,Khorane Sathmantes,,0,Lyseni,,,,
1833,Vardis Egen,Ser,1,Valemen,,,House Egen,49
1834,Tya Lannister,,1,,,,House Baratheon,
1835,Vyman,Maester,0,,,,,
1836,Orton Merryweather,Longtable,1,Reachmen,,,House Merryweather,
1837,Jeor Mormont,Bear Island,1,Northmen,,,House Mormont,69
1838,Rhaego,,0,,,,House Targaryen,-298001
1839,Samwell Stone,Ser,1,,,,House Royce,
1840,Mors Umber,Castellan,1,Northmen,,,House Umber,70
1841,Rhaegar Frey,,1,,,,House Frey,31
1842,Parmen Crane,Ser,1,,,,House Crane,
1843,Qyburn,Master of whisperers,1,,,,House Lannister,
1844,Weese,,1,,,,House Whent,
1845,Qarl the Maid,,1,Ironborn,,,,
1846,Rickon Stark,Prince of WinterfellHeir to Winterfell,1,Northmen,,,House Stark,10
1847,Roslin Frey,,1,Rivermen,,,House Frey,23
1848,Robar Royce,Ser,1,Valemen,,,House Royce,22
1849,Robett Glover,,1,Northmen,,,House Glover,
1850,Rhae Targaryen,Princess,0,Valyrian,,,House Targaryen,100
1851,Ryman Frey,Ser,1,,,,House Frey,54
1852,Quaithe,,0,Asshai'i,,,,
1853,Rolly Duckfield,Ser,1,,,,House Targaryen,
1854,Togg Joth,,1,Ibbenese,,,Brave Companions,
1855,Taena of Myr,,0,Myrish,,,House Merryweather,29
1856,Pyg,,0,,,,Brave Companions,
1857,Stonesnake,,1,,,,Night's Watch,55
1858,Tycho Nestoris,,1,Braavosi,,,Iron Bank of Braavos,
1859,Tanselle,,0,Dornishmen,,,,
1860,Rhaelle Targaryen,Princess,0,,,,House Targaryen,76
1861,Tom of Sevenstreams,,1,,,,Brotherhood without banners,65
1862,Shyra Errol,Haystack Hall,0,,,,House Errol,
1863,Steelskin,,1,Ghiscari,,,House of Loraq,
1864,Val,,0,Free folk,,,,
1865,Satin,,1,,,,Night's Watch,25
1866,Xaro Xhoan Daxos,,1,Qartheen,,,Thirteen,
1867,Maelor Targaryen,Prince,1,,,,House Targaryen,3
1868,Arianne Martell,Princess,0,Dornishmen,,,House Martell,29
1869,Damon Dance-for-Me,,1,,,,House Bolton,
1870,Alysanne Targaryen,,0,,Alyssa Velaryon,Aenys I Targaryen,,
1871,Baela Targaryen,Lady,0,Valyrian,,,House Targaryen,100
1872,Brandon Stark,,1,Northmen,,,House Stark,20
1873,Dunstan Drumm,Old Wyk,1,Ironborn,,,House Drumm,93
1874,Daemon Sand,Ser,1,Dornish,,,House Allyrion,
1875,Jafer Flowers,,1,,,,Night's Watch,
1876,Lysono Maar,,1,Lyseni,,,Golden Company,
1877,Mycah,,1,Westeros,,,,13
1878,Joyeuse Erenford,the Crossing,1,,,,House Erenford,23
1879,Tyene Sand,,0,Dornish,,,House Martell,29
1880,Waymar Royce,Ser,1,Valemen,,,House Royce,19
1881,Stiv,,0,Wildlings,,,Night's Watch,
1882,Daemon II Blackfyre,Andals,1,,,,House Blackfyre,23
1883,Chataya,,0,Summer Isles,,,Chataya's brothel,
1884,Hugh Hammer,Ser,1,,,,Blacks,
1885,Tygett Lannister,Ser,1,,,,House Lannister,55
1886,Sarella Sand,,0,Dornishmen,,,House Martell,25
1887,Rhaegar Targaryen,Prince of Dragonstone,1,Valyrian,,,House Targaryen,24
1888,Dunsen,,1,,,,House Clegane,
1889,Barra,,1,,,,House Baratheon,1
1890,Bethany Bolton,the Dreadfort,1,Northmen,,,House Bolton,
1891,Desmond Grell,Ser,0,,,,House Grell,68
1892,Devan Seaworth,,1,,,,House Seaworth,18
1893,Gran Goodbrother,,1,Ironborn,,,House Goodbrother,
1894,Loras Tyrell,Ser,1,The Reach,,,House Tyrell,23
1895,Ricasso,Sunspear,0,,,,House Martell,
1896,Stalwart Shield,,0,,,,Unsullied,
1897,Yohn Royce,Runestone,1,Valemen,,,House Royce,
1898,Yandry,,1,,,,House Targaryen,
1899,Tarle,,1,Ironborn,,,Drowned men,
1900,Temmo,Khal,1,Dothraki,,,,
1901,Rohanne Webber,Coldmoat,0,,,,House Webber,100
1902,Gormond Goodbrother,,1,Ironborn,,,House Goodbrother,23
1903,Walder Rivers,Ser,1,Rivermen,,,House Frey,
1904,Symon Silver Tongue,,1,,,,,
1905,Moqorro,Slave of R'hllor,1,,,,R'hllor,
1906,Meg,,0,,,,Brotherhood Without Banners,
1907,Laena Velaryon,,0,Valyrian,,,House Velaryon,27
1908,Luwin,,1,Westeros,,,House Stark,
1909,Reek,,1,,,,House Bolton,
1910,Symeon Star-Eyes,,1,,,,,
1911,Coldhands,,1,,,,Three-eyed crow,
1912,Tytos Lannister,Casterly Rock,1,,,,House Lannister,47
