19,Alesander Staedmon,Storm's End,Baratheon,,,1,1
20,Alester Florent,Storm's End,Baratheon,300,4,1,1
21,Alia of Braavos,No,None,,,0,0
22,Alla Tyrell,Shield Islands,House Tyrell,,,0,1
23,Allard Seaworth,Storm's End,Baratheon,299,2,1,1
24,Alliser Thorne,Castle Black,Night's Watch,,,1,0
25,Alyn,Winterfell,House Stark,298,3,1,0
26,Alyn Ambrose,Shield Islands,House Tyrell,,,1,1
27,Alyn Estermont,Storm's End,Baratheon,,,1,1
28,Alyn Stackspear,King's Landing,House Lannister,,,1,1
29,Alys Karstark,Winterfell,House Stark,,,0,1
30,Alysane Mormont,Winterfell,House Stark,,,0,1
31,Alyx Frey,No,None,,,1,1
32,Ambrode,Moat Cailin,House Greyjoy,,,1,0
33,Amory Lorch,King's Landing,House Lannister,299,2,1,1
34,Andar Royce,Whispering Wood,House Arryn,,,1,1
35,Andrew Estermont,Storm's End,Baratheon,,,1,1
36,Andrey Dalt,Torrhens Square,House Martell,,,1,1
37,Andrik,Moat Cailin,House Greyjoy,,,1,1
38,Anguy,No,None,,,1,0
39,Antario Jast,King's Landing,House Lannister,,,1,1
40,Anvil Ryn,No,None,299,3,1,0
41,Anya Waynwood,Whispering Wood,House Arryn,,,0,1
42,Archibald Yronwood,Torrhens Square,House Martell,,,1,1
43,Ardrian Celtigar,Storm's End,Baratheon,,,1,1
44,Areo Hotah,Torrhens Square,House Martell,,,1,0
45,Arianne Martell,Torrhens Square,House Martell,,,0,1
46,Arneld,King's Landing,House Lannister,,,1,0
47,Arnolf Karstark,Winterfell,House Stark,,,1,1
48,Aron Santagar,King's Landing,House Lannister,299,2,1,1
49,Arron,Castle Black,Night's Watch,,,1,0
50,Arron Qorgyle,Torrhens Square,House Martell,,,1,1
51,Arryk (Guard),Shield Islands,House Tyrell,,,1,0
52,Arson,Riverrun,House Wildling,,,1,0
53,Arthor Karstark,Winterfell,House Stark,,,1,1
54,Arwyn Frey,No,None,,,0,1
55,Arwyn Oakheart,Shield Islands,House Tyrell,,,0,1
56,Arya Stark,Winterfell,House Stark,,,0,1
57,Arys Oakheart,King's Landing,House Lannister,300,4,1,1
58,Asha Greyjoy,Moat Cailin,House Greyjoy,,,0,1
59,Aurane Waters,King's Landing,House Lannister,,,1,0
60,Axell Florent,Storm's End,Baratheon,,,1,1
61,Azzak,No,None,,,1,1
62,Ballabar,King's Landing,House Lannister,,,1,0
63,Balon Swann,King's Landing,House Lannister,,,1,1
64,Bannen,Castle Black,Night's Watch,299,3,1,0
65,Barbrey Dustin,Winterfell,House Stark,,,0,1
66,Barra,No,None,299,2,0,0
67,Barristan Selmy,Deepwood Motte,House Targaryen,,,1,1
68,Barsena,No,None,300,5,0,0
69,Barth (brewer),Winterfell,House Stark,,,1,0
70,Bass,Castle Black,Night's Watch,,,1,0
71,Bayard Norcross,Shield Islands,House Tyrell,,,1,1
72,Bearded Ben,Castle Black,Night's Watch,,,1,0
73,Becca,Whispering Wood,House Arryn,,,0,0
74,Becca the Baker,No,None,299,3,0,0
75,Bedwyck,Castle Black,Night's Watch,,,1,0
76,Belaquo,No,None,,,1,0
77,Bella,No,None,,,0,0
78,Bellegere Otherys (courtesan),No,None,,,0,1
79,Bellonara Otherys,No,None,,,0,1
80,Belwas,Deepwood Motte,House Targaryen,,,1,0
81,Ben,No,None,,,1,0
82,Ben Bones,No,None,,,1,0
83,Ben Plumm,No,None,,,1,0
84,Benedar Belmore,Whispering Wood,House Arryn,,,1,1
85,Benfred Tallhart,Winterfell,House Stark,299,2,1,1
86,Benfrey Frey,No,None,299,5,1,1
87,Benjen Stark,Castle Black,Night's Watch,298,1,1,1
88,Bennet,No,None,300,4,1,0
89,Beric Dondarrion,No,None,300,4,1,1
90,Bessa (Winterfell),Winterfell,House Stark,,,0,0
91,Beth Cassel,Winterfell,House Stark,,,0,1
92,Bhakaz zo Loraq,No,None,,,1,1
93,Big Boil,Riverrun,House Wildling,,,1,0
94,Big Walder Frey,No,None,,,1,1
95,Biter,No,None,300,4,1,0
96,Black Bernarr,Castle Black,Night's Watch,,,1,0
97,Black Walder Frey,No,None,,,1,1
98,Blane,Castle Black,Night's Watch,,,1,0
99,Bloodbeard,No,None,,,1,0
100,Blue Bard,Shield Islands,House Tyrell,,,1,0
101,Bonifer Hasty,King's Landing,House Lannister,,,1,1
102,Borcas,Castle Black,Night's Watch,,,1,0
103,Boremund Harlaw,Moat Cailin,House Greyjoy,,,1,1
104,Boros Blount,Storm's End,Baratheon,,,1,1
105,Borroq,Riverrun,House Wildling,,,1,0
106,Bowen Marsh,Castle Black,Night's Watch,,,1,0
107,Bran Stark,Winterfell,House Stark,,,1,1
108,Brandon Norrey,Winterfell,House Stark,,,1,1
109,Brenett,No,None,,,1,0
110,Brienne of Tarth,Winterfell,House Stark,,,0,1
111,Bronn,King's Landing,House Lannister,,,1,1
112,Brown Bernarr,Castle Black,Night's Watch,299,3,1,0
113,Brusco,No,None,,,1,0
114,Bryan Fossoway,Storm's End,Baratheon,299,2,1,1
115,Bryce Caron,Storm's End,Baratheon,299,2,1,1
116,Bryen,No,None,,,1,0
117,Bryen Farring,Storm's End,Baratheon,300,5,1,1
118,Brynden Rivers,Deepwood Motte,House Targaryen,,,1,1
119,Brynden Tully,Red Fork,House Tully,,,1,1
120,Burton Crakehall,King's Landing,House Lannister,299,2,1,1
121,Butterbumps,Shield Islands,House Tyrell,,,1,0
122,Byam Flint,Castle Black,Night's Watch,299,3,1,0
123,Byan Votyris,No,None,,,1,0
124,Byron,Whispering Wood,House Arryn,,,1,0
125,Cadwyn,King's Landing,House Lannister,,,1,0
126,Caleotte,Torrhens Square,House Martell,,,1,0
127,Catelyn Tully,Winterfell,House Stark,299,3,0,1
128,Cayn,Winterfell,House Stark,298,1,1,0
129,Cellador,Castle Black,Night's Watch,,,1,0
130,Cersei Frey,No,None,,,0,1
131,Cersei Lannister,King's Landing,House Lannister,,,0,1
132,Chataya,No,None,,,0,0
133,Chayle,Winterfell,House Stark,299,2,1,0
134,Chella,King's Landing,House Lannister,,,0,0
135,Chett,Castle Black,Night's Watch,299,3,1,0
136,Chiggen,King's Landing,House Lannister,298,1,1,0
137,Chiswyck,No,None,299,2,1,0
138,Clayton Suggs,Storm's End,Baratheon,,,1,0
139,Clement Piper,Red Fork,House Tully,,,1,1
140,Cleos Frey,No,None,299,3,1,1
141,Cley Cerwyn,Winterfell,House Stark,299,2,1,1
142,Clubfoot Karl,Castle Black,Night's Watch,300,5,1,0
143,Clydas,Castle Black,Night's Watch,,,1,0
144,Cohollo,No,None,298,1,1,0
145,Coldhands,No,None,,,1,0
146,Colemon,Whispering Wood,House Arryn,,,1,0
147,Colen of Greenpools,Storm's End,House Baratheon,,,1,1
148,Conn,King's Landing,House Lannister,298,1,1,0
149,Conwy,Castle Black,Night's Watch,,,1,0
150,Corliss Penny,Storm's End,Baratheon,,,1,0
151,Cortnay Penrose,Storm's End,Baratheon,299,2,1,1
152,Cotter Pyke,Castle Black,Night's Watch,,,1,0
153,Cragorn,Moat Cailin,House Greyjoy,300,4,1,0
154,Craster,No,None,299,3,1,0
155,Cregan Karstark,Winterfell,House Stark,,,1,1
156,Creighton Longbough,No,None,,,1,0
157,Cressen,Storm's End,Baratheon,299,1,1,0
158,Cuger,Castle Black,Night's Watch,,,1,0
159,Cutjack,No,None,,,1,0
160,Daario Naharis,Deepwood Motte,House Targaryen,,,1,0
161,Dacey Mormont,Winterfell,House Stark,299,3,0,1
162,Daemon Sand,Torrhens Square,House Martell,,,1,0
163,Daenerys Targaryen,Deepwood Motte,House Targaryen,,,0,1
164,Dagon Codd,Moat Cailin,House Greyjoy,300,5,1,1
165,Dagmer,Moat Cailin,House Greyjoy,,,1,0
166,Dalbridge,Castle Black,Night's Watch,299,2,1,0
167,Dale Seaworth,Storm's End,Baratheon,299,2,1,1
168,Dalla,Riverrun,House Wildling,300,3,0,1
169,Dalla (Dragonstone),Storm's End,Baratheon,,,0,0
170,Damon Dance-for-Me,No,None,,,1,0
171,Damon Vypren,No,None,,,1,1
172,Dancy,No,None,,,0,0
173,Danwell Frey,No,None,,,1,1
174,Dareon,Castle Black,Night's Watch,300,4,1,0
175,Daryn Hornwood,Winterfell,House Stark,298,1,1,1
176,Daven Lannister,King's Landing,House Lannister,,,1,1
177,Davos Seaworth,Storm's End,Baratheon,,,1,1
178,Del,Riverrun,House Wildling,299,3,1,0
179,Delp,Red Fork,House Tully,299,3,1,0
180,Denys Drumm,Moat Cailin,House Greyjoy,,,1,1
181,Denys Mallister,Castle Black,Night's Watch,,,1,1
182,Dermot,Storm's End,Baratheon,,,1,0
183,Desmond,Winterfell,House Stark,298,1,1,0
184,Desmond Grell,Red Fork,House Tully,,,1,1
185,Devan Seaworth,Storm's End,Baratheon,,,1,1
186,Deziel Dalt,Torrhens Square,House Martell,,,1,1
187,Dhazzar,No,None,,,1,1
188,Dick Crabb,No,None,300,4,1,0
189,Dick Follard,Castle Black,Night's Watch,299,3,1,0
190,Dickon Manwoody,Torrhens Square,House Martell,,,1,1
191,Dirk,Castle Black,Night's Watch,300,5,1,0
192,Dobber,No,None,299,2,1,0
193,Donal Noye,Castle Black,Night's Watch,300,3,1,0
194,Donella Hornwood,Winterfell,House Stark,299,2,0,1
195,Donnel Drumm,Moat Cailin,House Greyjoy,,,1,1
196,Donnel Haigh,No,None,,,1,1
197,Donnel Hill,Castle Black,Night's Watch,,,1,0
198,Donnel Locke,Winterfell,House Stark,299,3,1,1
199,Donnel Waynwood,Red Fork,House Tully,,,1,1
200,Donnis,Winterfell,House Stark,,,1,0
201,Dontos Hollard,No,None,300,3,1,1
202,Donyse,No,None,,,0,0
203,Doran Martell,Torrhens Square,House Martell,,,1,1
204,Doreah,Deepwood Motte,House Targaryen,299,2,0,0
205,Dornish Dilly,Castle Black,Night's Watch,299,3,1,0
206,Draqaz,No,None,,,1,1
207,Drennan,Moat Cailin,House Greyjoy,299,2,1,0
208,Drogo,Deepwood Motte,House Targaryen,298,1,1,1
209,Dudley,Winterfell,House Stark,299,3,1,0
210,Dunsen,No,None,,,1,0
211,Dunstan Drumm,Moat Cailin,House Greyjoy,,,1,1
212,Duram Bar Emmon,Storm's End,Baratheon,,,1,1
213,Dykk Harlaw,Moat Cailin,House Greyjoy,299,2,1,0
214,Dywen,Castle Black,Night's Watch,,,1,0
215,Easy,Castle Black,Night's Watch,300,3,1,0
216,Ebben,Castle Black,Night's Watch,299,2,1,0
217,Eddard Karstark,Winterfell,House Stark,298,1,1,1
218,Eddard Stark,Winterfell,House Stark,299,1,1,1
219,Eddison Tollett,Castle Black,Night's Watch,,,1,0
220,Edmure Tully,Red Fork,House Tully,,,1,1
221,Edric Dayne,No,None,,,1,1
222,Edric Storm,Storm's End,House Baratheon,,,1,0
223,Edwyn Frey,No,None,,,1,1
224,Eggon,No,None,,,1,0
225,Elder Brother,No,None,,,1,0
226,Eldred Codd,Moat Cailin,House Greyjoy,,,1,1
227,Eleyna Westerling,Winterfell,House Stark,,,0,1
228,Elinor Tyrell,Shield Islands,House Tyrell,,,0,1
229,Ellaria Sand,Torrhens Square,House Martell,,,0,1
230,Elmar Frey,No,None,,,1,1
231,Elyas Willum,Storm's End,Baratheon,,,1,1
232,Emmon Cuy,Storm's End,Baratheon,299,2,1,1
233,Emmon Frey,King's Landing,House Lannister,,,1,1
234,Emmond,Moat Cailin,House Greyjoy,,,1,0
235,Emrick,Castle Black,Night's Watch,,,1,0
236,Endehar,Moat Cailin,House Greyjoy,,,1,0
237,Elwood,Red Fork,House Tully,299,3,1,0
238,Endrew Tarth,Castle Black,Night's Watch,299,3,1,0
239,Enger,Red Fork,House Tully,,,1,0
240,Eon Hunter,Whispering Wood,House Arryn,300,3,1,1
241,Erik Ironmaker,Moat Cailin,House Greyjoy,,,1,1
242,Ermesande Hayford,No,None,,,0,1
243,Eroeh,Deepwood Motte,House Targaryen,298,1,1,0
244,Erreck,No,None,,,1,0
245,Erryk (Guard),Shield Islands,House Tyrell,,,1,0
246,Esgred,Moat Cailin,House Greyjoy,,,1,0
247,Ezzara,Deepwood Motte,House Targaryen,,,0,0
248,Falia Flowers,Moat Cailin,House Greyjoy,,,0,0
249,Falyse Stokeworth,King's Landing,House Lannister,300,5,0,1
250,Farlen,Winterfell,House Stark,299,2,1,0
251,Fat Walda Frey,No,None,,,0,1
252,Flement Brax,King's Landing,House Lannister,,,1,1
253,Fletcher Will,No,None,299,3,1,0
254,Fogo,No,None,298,1,1,1
255,Forley Prester,King's Landing,House Lannister,,,1,1
256,Fornio,Castle Black,Night's Watch,,,1,0
257,Frenken,King's Landing,House Lannister,,,1,0
258,Frenya,Riverrun,House Wildling,300,5,0,0
259,Frynne,Torrhens Square,House Martell,,,0,0
260,Gage,Winterfell,House Stark,,,1,1
261,Galazza Galare,No,None,,,0,1
262,Galbart Glover,Winterfell,House Stark,,,1,1
263,Gared,Castle Black,Night's Watch,297,1,1,0
264,Garin (Orphan),Torrhens Square,House Martell,,,1,0
265,Gariss,Winterfell,House Stark,,,1,0
266,Garlan Tyrell,Shield Islands,House Tyrell,,,1,1
267,Garrett Paege,King's Landing,House Lannister,,,1,1
268,Garse Goodbrook,No,None,299,3,1,1
269,Garth Greyfeather,Castle Black,Night's Watch,300,5,1,0
270,Garth of Greenaway,Castle Black,Night's Watch,300,5,1,0
271,Garth of Oldtown,Castle Black,Night's Watch,299,3,1,0
272,Gawen Westerling,Winterfell,House Stark,,,1,1
273,Gelmarr,Moat Cailin,House Greyjoy,299,2,1,0
274,Gendry,No,None,,,1,0
275,Genna Lannister,King's Landing,House Lannister,,,0,1
276,Gerald Gower,Storm's End,Baratheon,,,1,1
277,Gerold Dayne,Torrhens Square,House Martell,,,1,1
278,Gerren,No,None,299,2,1,0
279,Gerris Drinkwater,Torrhens Square,House Martell,,,1,1
280,Gevin Harlaw,Moat Cailin,House Greyjoy,299,2,1,1
281,Ghael,No,None,,,1,0
282,Ghost of High Heart,No,None,,,0,0
283,Gillam,No,None,,,1,0
284,Gilly,Riverrun,House Wildling,,,0,0
285,Gilwood Hunter,Whispering Wood,House Arryn,,,1,1
286,Gladden Wylde,Winterfell,House Stark,298,1,1,1
287,Glendon Hewett,Castle Black,Night's Watch,,,1,0
288,Goady,Castle Black,Night's Watch,,,1,0
289,Godric Borrell,No,None,,,1,1
290,Godry Farring,Storm's End,Baratheon,,,1,1
291,Godwyn,King's Landing,House Lannister,,,1,0
292,Goghor,No,None,,,1,0
293,Gormond Goodbrother,Moat Cailin,House Greyjoy,,,1,1
294,Gorold Goodbrother,Moat Cailin,House Greyjoy,,,1,1
295,Gran Goodbrother,Moat Cailin,House Greyjoy,,,1,1
296,Grazdan,No,None,299,3,1,1
297,Grazdan mo Eraz,No,None,,,1,1
298,Grazdan mo Ullhor,No,None,299,3,1,1
299,Grazdan zo Galare,No,None,,,1,1
300,Grazdar zo Galare,No,None,,,1,1
301,Gregor Clegane,King's Landing,House Lannister,300,4,1,1
302,Grenn,Castle Black,Night's Watch,,,1,0
303,Grey Worm,Deepwood Motte,House Targaryen,,,1,0
304,Greydon Goodbrother,Moat Cailin,House Greyjoy,,,1,1
305,Grigg,Riverrun,House Wildling,,,1,0
306,Grisel,No,None,,,0,0
307,Groleo,Deepwood Motte,House Targaryen,300,5,1,0
308,Grubbs,Castle Black,Night's Watch,300,5,1,0
309,Grunt,No,None,,,1,0
310,Gueren,Castle Black,Night's Watch,,,1,0
311,Guncer Sunglass,Storm's End,Baratheon,299,3,1,1
312,Guyard Morrigen,Storm's End,Baratheon,299,2,1,1
313,Gwin Goodbrother,Moat Cailin,House Greyjoy,,,0,1
314,Gylbert Farwynd,Moat Cailin,House Greyjoy,,,1,1
315,Gyles Farwynd,Moat Cailin,House Greyjoy,,,1,1
316,Gyles Grafton,Whispering Wood,House Arryn,,,1,1
317,Gyles Rosby,King's Landing,House Lannister,300,4,1,1
318,Gynir,Moat Cailin,House Greyjoy,299,2,1,0
319,Gysella Goodbrother,Moat Cailin,House Greyjoy,,,0,1
320,Haggo,No,None,298,1,1,0
321,Hairy Hal,Castle Black,Night's Watch,300,5,1,0
322,Hake,Castle Black,Night's Watch,299,3,1,0
323,Halder,Castle Black,Night's Watch,,,1,0
324,Haldon,Deepwood Motte,House Targaryen,,,1,0
325,Hali,Riverrun,House Wildling,298,1,0,0
326,Hallis Mollen,Winterfell,House Stark,,,1,1
327,Hallyne,King's Landing,House Lannister,,,1,0
328,Halys Hornwood,Winterfell,House Stark,298,1,1,1
329,Hamish the Harper,No,None,300,5,1,0
330,Hareth (Mole's Town),Castle Black,Night's Watch,,,1,0
331,Harghaz,No,None,300,5,1,0
332,Harma,Riverrun,House Wildling,300,3,0,1
333,Harmund Sharp,Moat Cailin,House Greyjoy,,,1,1
334,Harmune,Castle Black,Night's Watch,,,1,0
335,Harra,No,None,299,2,0,0
336,Harrag Sharp,Moat Cailin,House Greyjoy,299,5,1,1
337,Harras Harlaw,Moat Cailin,House Greyjoy,,,1,1
338,Harwood Fell,Storm's End,House Baratheon,300,5,1,1
339,Hazzea,No,None,300,5,0,0
340,Harrion Karstark,Winterfell,House Stark,,,1,1
341,Harry Strickland,No,None,,,1,0
342,Harwin,Winterfell,House Stark,,,1,0
343,Harwood Stout,Winterfell,House Stark,,,1,1
344,Harys Haigh,No,None,,,1,1
345,Harys Swyft,King's Landing,House Lannister,,,1,1
346,Helman Tallhart,Winterfell,House Stark,299,3,1,1
347,Henly (Maester),No,None,,,1,0
348,Heward,Winterfell,House Stark,298,1,1,0
349,High Sparrow,No,None,,,1,0
350,Hobb,Castle Black,Night's Watch,,,1,0
351,Hobber Redwyne,Shield Islands,House Tyrell,,,1,1
352,Hod,No,None,,,1,0
353,Hodor,Winterfell,House Stark,,,1,0
354,Holger,No,None,,,1,0
355,Holly,Riverrun,House Wildling,300,5,0,0
356,Hop-Robin,Castle Black,Night's Watch,,,1,0
357,Horas Redwyne,Shield Islands,House Tyrell,,,1,1
358,Horton Redfort,Whispering Wood,House Arryn,,,1,1
359,Hosteen Frey,No,None,,,1,1
360,Hoster Tully,Red Fork,House Tully,299,3,1,1
361,Hot Pie,No,None,,,1,0
362,Hother Umber,Winterfell,House Stark,,,1,1
363,Howd Wanderer,Riverrun,House Wildling,,,1,1
364,Hubard Rambton,Storm's End,Baratheon,299,5,1,1
365,Hugh,Whispering Wood,House Arryn,298,1,1,0
366,Hugo Vance,Red Fork,House Tully,,,1,1
367,Hullen,Winterfell,House Stark,298,1,1,0
368,Humfrey Swyft,King's Landing,House Lannister,,,1,1
369,Husband,No,None,,,1,0
370,Hyle Hunt,No,None,300,4,1,1
371,Iggo,No,None,299,3,1,0
372,Illyrio Mopatis,Deepwood Motte,House Targaryen,,,1,1
373,Ilyn Payne,King's Landing,House Lannister,,,1,1
374,Imry Florent,Storm's End,Baratheon,299,3,1,1
375,Iron Emmett,Castle Black,Night's Watch,,,1,0
376,Irri,Deepwood Motte,House Targaryen,,,0,0
377,Ithoke,No,None,,,1,0
378,Jacelyn Bywater,King's Landing,House Lannister,299,2,0,1
379,Jack Bulwer,Castle Black,Night's Watch,300,5,1,0
380,Jack-Be-Lucky,No,None,,,1,0
381,Jacks,Winterfell,House Stark,,,1,0
382,Jaggot,No,None,,,1,0
383,Jaime Lannister,King's Landing,House Lannister,,,1,1
384,Jalabhar Xho,No,None,,,1,1
385,Janna Tyrell,Shield Islands,House Tyrell,,,0,1
386,Janos Slynt,No,None,300,5,1,1
387,Jaqen H'ghar,No,None,,,1,0
388,Jared Frey,No,None,300,5,1,1
389,Jaremy Rykker,Castle Black,Night's Watch,298,5,1,1
390,Jarl,Riverrun,House Wildling,299,3,1,0
391,Jarman Buckwell,Castle Black,Night's Watch,300,5,1,0
392,Jason Mallister,Winterfell,House Stark,,,1,1
393,Jate,King's Landing,House Lannister,,4,1,0
394,Jate Blackberry,Storm's End,House Baratheon,,3,1,0
395,Jeor Mormont,Castle Black,Night's Watch,299,3,1,1
396,Jeren,Castle Black,Night's Watch,,,1,0
397,Jeyne Poole,Winterfell,House Stark,,,0,1
398,Jeyne Westerling,Winterfell,House Stark,,,0,1
399,Jhaqo,No,None,,,1,1
400,Jhezane,No,None,,,0,1
401,Jhiqui,Deepwood Motte,House Targaryen,,,0,0
402,Jhogo,Deepwood Motte,House Targaryen,,,1,0
403,Jocelyn Swyft,King's Landing,House Lannister,,,0,1
404,Jodge,King's Landing,House Lannister,,,1,0
405,Jojen Reed,Winterfell,House Stark,,,1,1
406,Jommy,Storm's End,House Baratheon,,,1,0
407,Jon Bettley,King's Landing,House Lannister,,,1,1
408,Jon Connington,Deepwood Motte,House Targaryen,,,1,1
409,Jon Fossoway,Storm's End,Baratheon,,,1,1
410,Jon Snow,Castle Black,Night's Watch,,,1,1
411,Jon Umber (Greatjon),Winterfell,House Stark,,,1,1
412,Joffrey Baratheon,King's Landing,House Lannister,300,3,1,1
413,Jon Umber (Smalljon),Winterfell,House Stark,299,3,1,1
414,Jonelle Cerwyn,Winterfell,House Stark,,,0,1
415,Jonos Bracken,Red Fork,House Tully,,,1,1
416,Jorah Mormont,Deepwood Motte,House Targaryen,,,1,1
417,Jory Cassel,Winterfell,House Stark,298,1,1,1
418,Joseran,Moat Cailin,House Greyjoy,,,1,0
419,Joseth,Winterfell,House Stark,,,1,0
420,Josmyn Peckledon,King's Landing,House Lannister,,,1,0
421,Joss,No,None,,,1,0
422,Joss Stilwood,King's Landing,House Lannister,,,1,0
423,Josua Willum,Storm's End,Baratheon,,,1,1
424,Jothos Slynt,King's Landing,House Lannister,,,1,1
425,Joyeuse Erenford,No,None,,,0,1
426,Justin Massey,Storm's End,Baratheon,,,1,1
427,Jyck,King's Landing,House Lannister,298,1,1,0
428,Jynessa Blackmont,Torrhens Square,House Martell,,,0,1
429,Karyl Vance,Red Fork,House Tully,,,1,1
430,Kedge Whiteye,Castle Black,Night's Watch,,,1,0
431,Kella,No,None,,,0,0
432,Kennos of Kayce,King's Landing,House Lannister,,,1,1
433,Ketter,Castle Black,Night's Watch,,,1,0
434,Kenned,Moat Cailin,House Greyjoy,299,2,1,0
435,Kerwin,Shield Islands,House Tyrell,300,5,1,0
436,Kevan Lannister,King's Landing,House Lannister,300,5,1,1
437,Kezmya,No,None,,,0,1
438,Khorane Sathmantes,No,None,,,1,0
439,Khrazz,No,None,300,5,1,0
440,Kindly man,No,None,,,1,0
441,Kojja Mo,No,None,,,0,0
442,Koss,Castle Black,Night's Watch,299,2,1,0
443,Kraznys mo Nakloz,No,None,299,3,1,1
444,Kromm,Moat Cailin,House Greyjoy,299,2,1,0
445,Kurleket,No,None,298,1,1,0
446,Kurz,Castle Black,Night's Watch,299,2,1,0
447,Kyle (Banners),No,None,299,3,1,0
448,Kyra,Winterfell,House Stark,300,5,0,0
449,Lady of the Leaves,No,None,,,0,0
450,Lambert Turnberry,King's Landing,House Lannister,,,1,1
451,Lamprey,Storm's End,Baratheon,,,1,0
452,Lancel Lannister,King's Landing,House Lannister,,,1,1
453,Lanna (Happy Port),No,None,,,0,0
454,Lark,Castle Black,Night's Watch,299,3,1,0
455,Larra Blackmont,Torrhens Square,House Martell,,,0,1
456,Larraq,Deepwood Motte,House Targaryen,,,1,0
457,Leathers,Castle Black,Night's Watch,,,1,0
458,Left Hand Lew,Castle Black,Night's Watch,,,1,0
459,Lem,No,None,,,1,0
460,Lennocks,No,None,,,1,0
461,Lenwood Tawney,Moat Cailin,House Greyjoy,,,1,0
462,Leo Lefford,King's Landing,House Lannister,299,2,1,1
463,Leo Tyrell,Shield Islands,House Tyrell,,,1,1
464,Leobald Tallhart,Winterfell,House Stark,299,2,1,1
465,Leona Woolfield,Winterfell,House Stark,,,0,1
466,Leonette Fossoway,Shield Islands,House Tyrell,,,0,1
467,Lew,Winterfell,House Stark,,,1,0
468,Lewis Lanster,No,None,,,1,0
469,Lewys Lydden,King's Landing,House Lannister,,,1,1
470,Lewys Piper,King's Landing,House Lannister,,,1,1
471,Lharys,Winterfell,House Stark,298,1,1,1
472,Little Walder Frey,No,None,300,5,1,1
473,Lollys Stokeworth,King's Landing,House Lannister,,,0,1
474,Lommy,Castle Black,Night's Watch,299,2,1,0
475,Loras Tyrell,Shield Islands,House Tyrell,,,1,1
476,Lorcas,No,None,,,1,0
477,Lord of Bones,Riverrun,House Wildling,300,5,1,1
478,Lorent Caswell,Storm's End,Baratheon,,,1,1
479,Lorren,Moat Cailin,House Greyjoy,299,2,1,0
480,Lothar Frey,No,None,,,1,1
481,Lothor Brune,No,None,,,1,1
482,Lucan,No,None,299,2,1,0
483,Lucas Blackwood,Red Fork,House Tully,299,3,1,1
484,Lucas Codd,Moat Cailin,House Greyjoy,,,1,1
485,Lucias Vypren,No,None,,,1,1
486,Luco Prestayn,No,None,,,1,0
487,Luke of Longtown,Castle Black,Night's Watch,,,1,0
488,Luton,No,None,300,5,1,0
489,Luwin,Winterfell,House Stark,299,2,1,0
490,Lyle Crakehall,King's Landing,House Lannister,,,1,1
491,Lyman Darry,Red Fork,House Tully,299,3,1,1
492,Lymond Goodbrook,Red Fork,House Tully,,,1,1
493,Lymond Lychester,Red Fork,House Tully,,,1,1
494,Lyn Corbray,Whispering Wood,House Arryn,,,1,1
495,Lyonel,No,None,,,1,0
496,Lysa Tully,Whispering Wood,House Arryn,300,3,0,1
497,Lysono Maar,No,None,,,1,0
498,Mace Tyrell,Shield Islands,House Tyrell,,,1,1
499,Mad Huntsman,No,None,,,1,0
500,Maege Mormont,Winterfell,House Stark,,,0,1
501,Maerie (Goodwife),No,None,299,3,0,0
502,Maerie (Whore),No,None,299,3,0,0
503,Mag Mar Tun Doh Weg,Riverrun,House Wildling,300,3,1,1
504,Mago,No,None,,,1,0
505,Mallador Locke,Castle Black,Night's Watch,299,5,1,0
506,Malliard,King's Landing,House Lannister,,,1,0
507,Mallor,King's Landing,House Lannister,,,1,0
508,Mance Rayder,Riverrun,House Wildling,,,1,1
509,Mandon Moore,Storm's End,Baratheon,299,2,1,1
510,Maric Seaworth,Storm's End,House Baratheon,299,2,1,1
511,Marei,No,None,,,0,0
512,Margaery Tyrell,Shield Islands,House Tyrell,,,0,1
513,Marillion,Whispering Wood,House Arryn,300,4,1,0
514,Maris,Riverrun,House Wildling,,,0,0
515,Marissa Frey,No,None,,,0,1
516,Mariya Darry,No,None,,,0,1
517,Mark Mullendore,Red Fork,House Tully,,,1,1
518,Marlon Manderly,Winterfell,House Stark,,,1,1
519,Maron Volmark,Moat Cailin,House Greyjoy,,,1,1
520,Marq Piper,Red Fork,House Tully,,,1,1
521,Martyn Rivers,No,None,,,1,1
522,Marwyn,No,None,,,1,0
523,Marwyn Belmore,Whispering Wood,House Arryn,,,1,1
524,Masha Heddle,Red Fork,House Tully,298,1,0,0
525,Maslyn,Castle Black,Night's Watch,299,3,1,0
526,Mathis Rowan,King's Landing,House Lannister,,,1,1
527,Mathos Mallarawan,No,None,,,1,1
528,Matrice,Storm's End,Baratheon,,,0,0
529,Matthos Seaworth,Storm's End,Baratheon,299,2,1,1
530,Matthar,Castle Black,Night's Watch,,,1,0
531,Mawney,Castle Black,Night's Watch,300,5,1,0
532,Mebble,No,None,,,1,0
533,Medger Cerwyn,Winterfell,House Stark,299,2,1,1
534,Meera Reed,Winterfell,House Stark,,,0,1
535,Megga Tyrell,Shield Islands,House Tyrell,,,0,1
536,Meha,Riverrun,House Wildling,,,0,0
537,Mela,Whispering Wood,House Arryn,,,0,0
538,Meldred Merlyn,Moat Cailin,House Greyjoy,,,1,1
539,Meliana,Winterfell,House Stark,,,0,0
540,Melisandre,Storm's End,Baratheon,,,0,0
541,Mellei,Torrhens Square,House Martell,,,0,0
542,Melly,No,None,,,0,0
543,Meredyth Crane,Shield Islands,House Tyrell,,,0,1
544,Meribald,No,None,,,1,0
545,Merlon Crakehall,King's Landing,House Lannister,,,1,1
546,Mero,No,None,299,3,1,0
547,Merrett Frey,No,None,300,3,1,1
548,Meryn Trant,King's Landing,House Lannister,,,1,1
549,Mezzara,No,None,,,0,1
550,Mikken,Winterfell,House Stark,299,2,1,0
551,Miklaz,No,None,,,1,1
552,Mirri Maz Duur,No,None,299,1,0,0
553,Missandei,Deepwood Motte,House Targaryen,,,0,0
554,Mohor,No,None,298,1,1,1
555,Mollander,No,None,,,1,0
556,Monford Velaryon,Storm's End,Baratheon,299,3,1,1
557,Monster,Riverrun,House Wildling,,,1,0
558,Moon Boy,Storm's End,Baratheon,,,1,0
559,Moqorro,Moat Cailin,House Greyjoy,,,1,0
560,Mord,Whispering Wood,House Arryn,,,1,0
561,Mordane,Winterfell,House Stark,298,1,0,0
562,Moreo Tumitis,No,None,,,1,0
563,Morgarth,No,None,,,1,0
564,Morna White Mask,Riverrun,House Wildling,,,0,1
565,Moro,No,None,,,1,1
566,Morra,Torrhens Square,House Martell,,,0,0
567,Morrec,King's Landing,House Lannister,298,1,1,0
568,Morros Slynt,King's Landing,House Lannister,,,1,1
569,Mors Manwoody,Torrhens Square,House Martell,,,1,1
570,Mors Umber,Winterfell,House Stark,,,1,1
571,Morton Waynwood,Whispering Wood,House Arryn,,,1,1
572,Mudge (miller),No,None,299,3,1,0
573,Mully,Castle Black,Night's Watch,,,1,0
574,Munciter,King's Landing,House Lannister,,,1,0
575,Murch,Castle Black,Night's Watch,,,1,0
576,Murch (Winterfell),Winterfell,House Stark,,,1,0
577,Mossador,Deepwood Motte,House Targaryen,300,5,1,0
578,Murenmure,Moat Cailin,House Greyjoy,,,1,0
579,Muttering Bill,Castle Black,Night's Watch,300,5,1,0
580,Mya Stone,Whispering Wood,House Arryn,,,0,0
581,Mycah,Winterfell,House Stark,298,1,1,0
582,Myles,Torrhens Square,House Martell,,,1,0
583,Myles Manwoody,Torrhens Square,House Martell,,,1,1
584,Myranda Royce,Whispering Wood,House Arryn,,,0,1
585,Myrcella Baratheon,King's Landing,House Lannister,,,0,1
586,Myria Jordayne,Torrhens Square,House Martell,,,0,0
587,Myrtle,Riverrun,House Wildling,300,5,0,0
588,Nage,No,None,,,1,0
589,Myles,Red Fork,House Tully,299,2,1,0
590,Nan,Winterfell,House Stark,,,0,0
591,Narbert,No,None,,,1,0
592,Nestor Royce,Whispering Wood,House Arryn,,,1,1
593,Nolla,No,None,299,3,0,0
594,Norjen,Moat Cailin,House Greyjoy,,,1,0
595,Nurse,No,None,300,5,1,0
596,Notch,No,None,,,1,0
597,Nute,Moat Cailin,House Greyjoy,,,1,0
598,Nymella Toland,Torrhens Square,House Martell,,,0,1
599,Nymeria Sand,Torrhens Square,House Martell,,,0,1
600,Obara Sand,Torrhens Square,House Martell,,,0,1
601,Oberyn Martell,Torrhens Square,House Martell,300,3,1,1
602,Ogo,No,None,298,1,1,1
603,Old Henly,Castle Black,Night's Watch,299,3,1,0
604,Olenna Redwyne,Shield Islands,House Tyrell,,,0,1
605,Ollo Lophand,Castle Black,Night's Watch,300,5,1,0
606,Olyvar Frey,No,None,,,1,1
607,Ondrew Locke,Winterfell,House Stark,,,1,1
608,Oppo,No,None,300,4,1,0
609,Orell,Riverrun,House Wildling,299,2,1,0
610,Orphan Oss,Castle Black,Night's Watch,300,5,1,0
611,Orton Merryweather,King's Landing,House Lannister,,,1,1
612,Osfryd Kettleblack,King's Landing,House Lannister,,,1,1
613,Osha,Winterfell,House Stark,,,0,0
614,Osmund Kettleblack,King's Landing,House Lannister,,,1,1
615,Osney Kettleblack,King's Landing,House Lannister,,,1,1
616,Ossy,Whispering Wood,House Arryn,,,1,0
617,Oswell Kettleblack,No,None,,,1,1
618,Othell Yarwyck,Castle Black,Night's Watch,,,1,0
619,Ottyn Wythers,Castle Black,Night's Watch,299,3,1,0
620,Owen,Castle Black,Night's Watch,,,1,0
621,Owen Norrey,Red Fork,House Tully,299,3,1,1
622,Oznak zo Pahl,No,None,299,3,1,1
623,Palla,Winterfell,House Stark,,,0,0
624,Parmen Crane,Storm's End,Baratheon,,,1,1
625,Patchface,Storm's End,Baratheon,,,1,0
626,Pate (novice),No,None,300,4,1,0
627,Pate (Lancewood),No,None,299,3,1,0
628,Pate (Night's Watch),Castle Black,Night's Watch,,,1,0
629,Pate (Old),No,None,,,1,0
630,Patrek of King's Mountain,Storm's End,Baratheon,300,5,1,1
631,Patrek Mallister,Red Fork,House Tully,,,1,1
632,Paxter Redwyne,Shield Islands,House Tyrell,,,1,1
633,Pello,No,None,,,1,0
634,Penny,No,None,,,0,0
635,Perros Blackmont,Torrhens Square,House Martell,,,1,1
636,Perwyn Frey,No,None,,,1,1
637,Petyr Baelish,No,None,,,1,0
638,Petyr Frey,No,None,300,3,1,1
639,Philip Foote,King's Landing,House Lannister,,,1,1
640,Pia,No,None,,,0,0
641,Podrick Payne,King's Landing,House Lannister,,,1,1
642,Polliver,No,None,300,3,1,0
643,Pono,No,None,,,1,1
644,Porridge,Storm's End,Baratheon,,,1,0
645,Porther,Winterfell,House Stark,299,2,1,0
646,Poul Pemford,Red Fork,House Tully,299,2,1,0
647,Poxy Tym,Winterfell,House Stark,299,2,1,0
648,Praed,No,None,299,2,1,0
649,Prendahl na Ghezn,No,None,299,3,1,0
650,Preston Greenfield,Storm's End,Baratheon,299,2,1,0
651,Pyat Pree,No,None,,,1,1
652,Pycelle,King's Landing,House Lannister,300,5,1,0
653,Pyg,No,None,300,4,1,0
654,Pylos,Storm's End,Baratheon,,,1,0
655,Pypar,Castle Black,Night's Watch,,,1,0
656,Qarl Shepherd,Moat Cailin,House Greyjoy,,,1,0
657,Qarl the Maid,Moat Cailin,House Greyjoy,,,1,0
658,Qezza,No,None,,,0,0
659,Qhorin Halfhand,Castle Black,Night's Watch,299,2,1,0
660,Qotho,No,None,298,1,1,0
661,Quaithe,No,None,,,0,1
662,Quaro,Deepwood Motte,House Targaryen,298,1,1,0
663,Quellon Humble,Moat Cailin,House Greyjoy,,,1,1
664,Quent,Winterfell,House Stark,,,1,0
665,Quenten Banefort,King's Landing,House Lannister,,,1,1
666,Quentyn Martell,Torrhens Square,House Martell,300,5,1,1
667,Quhuru Mo,No,None,,,1,0
668,Qyburn,King's Landing,House Lannister,,,1,0
669,Quort,Riverrun,House Wildling,299,3,1,0
670,Qyle,Castle Black,Night's Watch,299,2,1,0
671,Rafford,No,None,,,1,0
672,Ragnor Pyke,Moat Cailin,House Greyjoy,,,1,0
673,Ragwyle,Riverrun,House Wildling,,,0,0
674,Rakharo,Deepwood Motte,House Targaryen,,,1,0
675,Ralf Kenning,Moat Cailin,House Greyjoy,300,5,1,0
676,Ralf Stonehouse,Moat Cailin,House Greyjoy,,,1,1
677,Ralf the Limper,Moat Cailin,House Greyjoy,,,1,0
678,Ramsay Snow,No,None,,,1,1
679,Randa,No,None,299,3,0,0
680,Randyll Tarly,Shield Islands,House Tyrell,,,1,1
681,Rast,Castle Black,Night's Watch,299,3,1,0
682,Ravella Swann,Red Fork,House Tully,,,0,1
683,Raymar Royce,Whispering Wood,House Arryn,,,1,1
684,Raymun Darry,Deepwood Motte,House Targaryen,298,1,1,1
685,Raymund Frey,No,None,,,1,1
686,Raynald Westerling,Winterfell,House Stark,299,3,1,1
687,Red Alyn,Castle Black,Night's Watch,300,3,1,0
688,Red Rolfe,Moat Cailin,House Greyjoy,299,2,1,0
689,Reek,No,None,299,2,1,0
690,Renly Baratheon,Storm's End,House Baratheon,299,2,1,1
691,Reysen,Castle Black,Night's Watch,,,1,0
692,Reznak mo Reznak,No,None,,,1,1
693,Rhaegar Frey,No,None,300,5,1,1
694,Rhogoro,No,None,,,1,1
695,Ricasso,Torrhens Square,House Martell,,,1,0
696,Richard Horpe,Storm's End,Baratheon,,,1,1
697,Rickard Karstark,Winterfell,House Stark,299,3,1,1
698,Rickard Ryswell,Winterfell,House Stark,,,1,1
699,Rickon Stark,Winterfell,House Stark,,,1,1
700,Rigney,No,None,,,1,0
701,Robar Royce,Storm's End,Baratheon,299,2,1,1
702,Robb Stark,Winterfell,House Stark,299,3,1,1
703,Robert Baratheon,Storm's End,House Baratheon,298,1,1,1
704,Robert Arryn,Whispering Wood,House Arryn,,,1,1
705,Robett Glover,Winterfell,House Stark,,,1,1
706,Robin Flint,Winterfell,House Stark,299,3,1,1
707,Robin Moreland,King's Landing,House Lannister,,,1,1
708,Robin Ryger,Red Fork,House Tully,,,1,1
709,Rodrik Cassel,Winterfell,House Stark,299,2,1,1
710,Rodrik Harlaw,Moat Cailin,House Greyjoy,,,1,1
711,Rodrik Ryswell,No,None,,,1,1
712,Roger Hogg,King's Landing,House Lannister,,,1,1
713,Roger Ryswell,Winterfell,House Stark,,,1,1
714,Roland Crakehall (Lord),King's Landing,House Lannister,,,1,1
715,Rolder,King's Landing,House Lannister,,,1,0
716,Rolfe,Moat Cailin,House Greyjoy,,,1,0
717,Rollam Westerling,Winterfell,House Stark,,,1,1
718,Rolfe the Dwarf,Moat Cailin,House Greyjoy,300,5,1,0
719,Rolley,Castle Black,Night's Watch,299,3,1,0
720,Rolly Duckfield,Deepwood Motte,House Targaryen,,,1,0
721,Rolph Spicer,King's Landing,House Lannister,,,1,1
722,Romny Weaver,Moat Cailin,House Greyjoy,,,1,1
723,Ronald Storm,No,None,,,1,0
724,Ronnel Harclay,Castle Black,Night's Watch,,,1,1
725,Ronnet Connington,Storm's End,Baratheon,,,1,1
726,Roose Bolton,Winterfell,House Stark,,,1,1
727,Roose Ryswell,No,None,,,1,1
728,Rorge,No,None,300,4,1,0
729,Roslin Frey,No,None,,,0,1
730,Rowan,Riverrun,House Wildling,300,5,1,0
731,Rudge,Castle Black,Night's Watch,,,1,0
732,Rusty Flowers,Castle Black,Night's Watch,,,1,0
733,Ryger Rivers,No,None,,,1,0
734,Ryk,Riverrun,House Wildling,,,1,0
735,Rupert Brax,King's Landing,House Lannister,299,2,1,0
736,Ryman Frey,No,None,300,4,1,1
737,Rymolf Stormdrunk,Moat Cailin,House Greyjoy,,,1,0
738,Ryon Allyrion,Torrhens Square,House Martell,,,1,1
739,Salladhor Saan,Storm's End,Baratheon,,,1,1
740,Sallor,No,None,299,3,1,0
741,Samwell Tarly,Castle Black,Night's Watch,,,1,1
742,Sandor Clegane,No,None,300,4,1,1
743,Sawane Botley,Moat Cailin,House Greyjoy,299,4,1,1
744,Sansa Stark,Winterfell,House Stark,,,0,1
745,Sarella Sand,Torrhens Square,House Martell,,,0,0
746,Sarra Frey,No,None,,,0,1
747,Satin,Castle Black,Night's Watch,,,1,0
748,Sawwood,Castle Black,Night's Watch,,,1,0
749,Sedgekins,No,None,,,1,0
750,Selyse Florent,Storm's End,Baratheon,,,0,1
751,Senelle,King's Landing,House Lannister,300,4,0,0
752,Serra Frey,No,None,,,0,1
753,Shadrich,No,None,,,1,0
754,Shae,King's Landing,House Lannister,300,3,0,0
755,Shagga,King's Landing,House Lannister,,,1,0
756,Shagwell,No,None,300,4,1,0
757,Sharna,No,None,,,0,0
758,Shireen Baratheon,Storm's End,Baratheon,,,0,1
759,Shirei Frey,No,None,,,0,1
760,Shyra Errol,Storm's End,Baratheon,300,4,0,1
761,Sigfry Stonetree,Moat Cailin,House Greyjoy,,,1,1
762,Skahaz mo Kandaq,No,None,,,1,1
763,Skinner,No,None,,,1,0
764,Small Paul,Castle Black,Night's Watch,299,3,1,0
765,Softfoot,Castle Black,Night's Watch,299,3,1,0
766,Sour Alyn,No,None,,,1,0
767,Spare Boot,Castle Black,Night's Watch,,,1,0
768,Spotted Cat,No,None,,,1,0
769,Spotted Pate of Maidenpool,Castle Black,Night's Watch,299,3,1,0
770,Squint,Moat Cailin,House Greyjoy,299,2,1,0
771,Squirrel,Riverrun,House Wildling,300,5,0,0
772,Stalwart Shield,Deepwood Motte,House Targaryen,300,5,1,0
773,Steelskin,No,None,,,1,0
774,Steffon Swyft,King's Landing,House Lannister,,,1,1
775,Stevron Frey,Winterfell,House Stark,299,2,1,1
776,Stiv,Riverrun,House Wildling,298,1,1,0
777,Stone Thumbs,Riverrun,House Wildling,299,3,1,0
778,Stonesnake,Castle Black,Night's Watch,,,1,0
779,Stygg,Moat Cailin,House Greyjoy,,,1,0
780,Styr,Riverrun,House Wildling,300,3,1,1
781,Sybassion,No,None,,,1,0
782,Sybell Spicer,King's Landing,House Lannister,,,0,1
783,Sybelle Glover,Winterfell,House Stark,,,0,1
784,Sylva Santagar,Torrhens Square,House Martell,,,0,1
785,Symon Silver Tongue,King's Landing,House Lannister,299,3,1,0
786,Symon Stripeback,Deepwood Motte,House Targaryen,,,1,0
787,Symond Frey,No,None,300,5,1,1
788,Symond Templeton,Whispering Wood,House Arryn,,,1,1
789,Syrio Forel,Winterfell,House Stark,298,1,1,0
790,Taena of Myr,King's Landing,House Lannister,,,0,1
791,Tal Toraq,Deepwood Motte,House Targaryen,,,1,0
792,Tallad,King's Landing,House Lannister,,,1,0
793,Tanda Stokeworth,King's Landing,House Lannister,300,4,0,1
794,Tanton Fossoway,Storm's End,Baratheon,,,1,1
795,Ternesio Terys,No,None,,,1,0
796,Terrance Lynderly,Whispering Wood,House Arryn,,,1,1
797,The Red Lamb,Deepwood Motte,House Targaryen,,,1,0
798,Theo Frey,No,None,,,1,1
799,Theodan Wells,Winterfell,House Stark,,,1,1
800,Theomore Lannister,No,None,,,1,1
801,Theon Greyjoy,Moat Cailin,House Greyjoy,,,1,1
802,Thistle,Riverrun,House Wildling,300,5,0,0
803,Thoren Smallwood,Castle Black,Night's Watch,299,3,1,1
804,Thoros,No,None,,,1,0
805,Three Toes,No,None,,,1,0
806,Three-Tooth,Moat Cailin,House Greyjoy,,,0,0
807,Tickler,King's Landing,House Lannister,300,3,1,0
808,Tim Tangletongue,Castle Black,Night's Watch,,,1,0
809,Timeon,No,None,300,4,1,0
810,Timett,King's Landing,House Lannister,,,1,0
811,Timon,Storm's End,Baratheon,,,1,0
812,Tion Frey,King's Landing,House Lannister,299,3,0,1
813,Tobho Mott,No,None,,,1,0
814,Todder,Castle Black,Night's Watch,,,1,0
815,Todric,Moat Cailin,House Greyjoy,299,2,1,0
816,Tom of Sevenstreams,No,None,,,1,0
817,Tomard,Winterfell,House Stark,298,1,1,0
818,Tormund,Riverrun,House Wildling,,,1,1
819,Torrek,No,None,,,1,0
820,Torrhen Karstark,Winterfell,House Stark,298,1,1,1
821,Tothmure,King's Landing,House Lannister,299,2,1,0
822,Tregar,King's Landing,House Lannister,298,1,1,0
823,Tremond Gargalen,Torrhens Square,House Martell,,,1,1
824,Tristifer Botley,Moat Cailin,House Greyjoy,,,1,1
825,Triston Sunderland,King's Landing,House Lannister,,,1,1
826,Tuffleberry,No,None,,,1,0
827,Tumberjon,Castle Black,Night's Watch,,,1,0
828,Tumco Lho,Deepwood Motte,House Targaryen,,,1,0
829,Tybero Istarion,No,None,,,1,0
830,Tycho Nestoris,No,None,,,1,0
831,Tyene Sand,Torrhens Square,House Martell,,,0,1
832,Tymor,Moat Cailin,House Greyjoy,299,2,1,0
833,Tyrek Lannister,King's Landing,House Lannister,299,2,1,1
834,Tyrion Lannister,King's Landing,House Lannister,,,1,1
835,Tyta Frey,No,None,,,0,1
836,Tytos Blackwood,Red Fork,House Tully,,,1,1
837,Tytos Brax,King's Landing,House Lannister,,,1,1
838,Tytos Frey,No,None,299,3,1,1
839,Tywin Lannister,King's Landing,House Lannister,300,3,1,1
840,Ulf son of Umar,King's Landing,House Lannister,298,1,1,0
841,Ulf the Ill,Moat Cailin,House Greyjoy,299,2,1,0
842,Ulmer,Castle Black,Night's Watch,,,1,0
843,Ulwyck Uller,Torrhens Square,House Martell,,,1,1
844,Umar,No,None,,,1,0
845,Umfred,No,None,,,1,0
846,Unella,No,None,,,1,0
847,Urreg,Castle Black,Night's Watch,299,2,1,0
848,Urswyck,No,None,,,1,0
849,Utherydes Wayn,Red Fork,House Tully,,,1,0
850,Utt,No,None,299,3,1,0
851,Val,Riverrun,House Wildling,,,0,0
852,Varamyr,Riverrun,House Wildling,300,5,1,0
853,Vardis Egen,Whispering Wood,House Arryn,298,1,1,0
854,Vargo Hoat,No,None,300,3,1,0
855,Varys,Deepwood Motte,House Targaryen,,,1,0
856,Vayon Poole,Winterfell,House Stark,298,1,1,0
857,Victarion Greyjoy,Moat Cailin,House Greyjoy,,,1,1
858,Viserys Targaryen,Deepwood Motte,House Targaryen,298,1,1,1
859,Vylarr,King's Landing,House Lannister,,,1,0
860,Vyman,Red Fork,House Tully,,,1,0
861,Waif,No,None,,,0,0
862,Walda Rivers (daughter of Aemon),No,None,,,0,1
863,Walder Frey,No,None,,,1,1
864,Walder Rivers,No,None,,,1,1
865,Wallen,Riverrun,House Wildling,298,1,1,0
866,Walton,No,None,,,1,0
867,Wat (orphan),No,None,,,1,0
868,Wat (sailor),No,None,,,1,0
869,Watt,Castle Black,Night's Watch,299,3,1,0
870,Watty,No,None,,,1,0
871,Waymar Royce,Castle Black,Night's Watch,297,1,1,1
872,Wayn (guard),Winterfell,House Stark,,,1,0
873,Weasel,No,None,,,0,0
874,Weeper,Riverrun,House Wildling,,,1,1
875,Weese,King's Landing,House Lannister,299,2,1,0
876,Wendel Manderly,Winterfell,House Stark,299,3,1,1
877,Wendello Qar Deeth,No,None,,,1,1
878,Werlag,Moat Cailin,House Greyjoy,299,2,1,0
879,Wex Pyke,Winterfell,House Stark,,,1,0
880,Whalen Frey,No,None,,,1,1
881,Wilbert,Winterfell,House Stark,298,3,1,0
882,Will,Castle Black,Night's Watch,297,1,1,0
883,Will (orphan),No,None,,,1,0
884,Willam Wells,Torrhens Square,House Martell,300,5,1,0
885,Willem Lannister,King's Landing,House Lannister,299,3,1,1
886,William Mooton,Red Fork,House Tully,,,1,1
887,Willis Wode,Whispering Wood,House Arryn,,,1,1
888,Willit,King's Landing,House Lannister,,,1,0
889,Willow Witch-eye,Riverrun,House Wildling,300,5,0,0
890,Willum,Red Fork,House Tully,,,1,0
891,Woth,Castle Black,Night's Watch,299,2,1,0
892,Wulfe,Moat Cailin,House Greyjoy,,,1,0
893,Wun Weg Wun Dar Wun,Riverrun,House Wildling,,,1,0
894,Wyl (guard),Winterfell,House Stark,298,1,1,0
895,Wyl the Whittler,No,None,299,3,1,0
896,Wylis Manderly,Winterfell,House Stark,,,1,1
897,Wylla Manderly,Winterfell,House Stark,,,0,1
898,Wyman Manderly,Winterfell,House Stark,,,1,1
899,Wynafryd Manderly,Winterfell,House Stark,,,1,1
900,Wynton Stout,Castle Black,Night's Watch,,,1,0
901,Xaro Xhoan Daxos,No,None,,,1,1
902,Xhondo,No,None,,,1,0
903,Yandry,Deepwood Motte,House Targaryen,,,1,0
904,Yellow Dick,No,None,300,5,1,0
905,Ygon Farwynd,Moat Cailin,House Greyjoy,,,1,1
906,Ygritte,Riverrun,House Wildling,299,3,0,0
907,Yohn Farwynd,Moat Cailin,House Greyjoy,,,1,1
908,Yohn Royce,Whispering Wood,House Arryn,,,1,1
909,Yoren,Castle Black,Night's Watch,299,2,1,0
910,Young Henly,Castle Black,Night's Watch,299,3,1,0
911,Ysilla,Deepwood Motte,House Targaryen,,,1,0
912,Zei,Winterfell,House Stark,,,0,0
913,Zollo,No,None,,,1,0
914,Yurkhaz zo Yunzak,No,None,300,5,1,0
915,Yezzan Zo Qaggaz,No,None,300,5,1,1
916,Torwynd the Tame,Riverrun,House Wildling,300,5,1,0
917,Talbert Serry,Shield Islands,House Tyrell,300,4,1,1
9000,Bran Stark,Winterfell,House Stark,200,300,1,1
